变量,N_B,D_B,解析,有限差分,相对误差
N,1.0,20.0,-0.1203442057954898,-0.12034420580064874,4.2868226877758817e-11
D,1.0,20.0,-0.007504652359754377,-0.007504652360657005,1.2027576436902622e-10
Q,1.0,20.0,-0.35311458680789554,-0.35311458679299074,4.2209526803979347e-11
N,7.0,140.0,-0.008871685319886618,-0.00887168532288334,3.377850491347118e-10
D,7.0,140.0,-0.0006218647861735333,-0.0006218647861734791,8.699911879546341e-14
Q,7.0,140.0,-0.1958354910730161,-0.19583549106805262,2.5345120279250535e-11
N,70.0,1400.0,-0.000405527867603184,-0.00040552786763546416,7.960036954459594e-11
D,70.0,1400.0,-3.264400980105809e-05,-3.2644009804817997e-05,1.1517900946839597e-10
Q,70.0,1400.0,-0.09788655016352664,-0.09788655016551571,2.0320213222302086e-11
