转出,转入,delta,问题一损失差,广义损失差_情景,一阶近似
arxiv,freelaw,0.001,-1.800876204782753e-05,-2.180253213079908e-06,-2.4965963783700163e-06
arxiv,nih_exporter,0.001,-0.0004025515353589526,-4.873310542397036e-05,-5.46140322735668e-05
arxiv,pubmed_central,0.001,-6.477465582843678e-05,-7.841979440481595e-06,-8.157209999313593e-06
arxiv,wikipedia_en,0.001,-0.00012174078388405007,-1.473851221733824e-05,-1.5187389407137544e-05
arxiv,dm_mathematics,0.001,-0.0017863770127899414,-0.00021622307440161137,-0.00022107631591204892
arxiv,github,0.001,-2.0557302892854068e-05,-2.488794707655728e-06,-2.78479167866802e-06
arxiv,philpapers,0.001,-0.000844340805355337,-0.00010221081564010248,-0.00011247093793010974
arxiv,stackexchange,0.001,-0.0002909589894652953,-3.522413372003541e-05,-3.570143097581655e-05
arxiv,enron_emails,0.001,-0.0020567586863773357,-0.00024894182011259147,-0.00029094913415746854
arxiv,gutenberg_pg_19,0.001,-2.8344627043708215e-05,-3.431573236678531e-06,-3.942762933966803e-06
arxiv,pile_cc,0.001,-0.00013393623401647403,-1.6214926557012177e-05,-1.6556792256169223e-05
arxiv,ubuntu_irc,0.001,-0.0019407316752371173,-0.00023490171754936284,-0.00024153072177613203
arxiv,europarl,0.001,0.0002594391417716224,3.14103914020869e-05,3.124164906018063e-05
arxiv,hackernews,0.001,-0.0013171521847734624,-0.00015943727274247976,-0.00016708124794423282
arxiv,pubmed_abstracts,0.001,-7.239424937033334e-05,-8.764441548070323e-06,-9.20944116784981e-06
arxiv,uspto_backgrounds,0.001,-2.5791031935007425e-05,-3.1224204328772487e-06,-3.4934406984058553e-06
freelaw,arxiv,0.001,2.3240920674183485e-05,2.8137052456855827e-06,2.4965963783700163e-06
freelaw,nih_exporter,0.001,-0.00038162930597351874,-4.620036759250823e-05,-5.2117435895196785e-05
freelaw,pubmed_central,0.001,-4.3852426442114734e-05,-5.30903181727993e-06,-5.660613620943577e-06
freelaw,wikipedia_en,0.001,-0.00010081855449861621,-1.2205599976500281e-05,-1.2690793028767529e-05
freelaw,dm_mathematics,0.001,-0.0017654547834045076,-0.00021369119587655305,-0.00021857971953367886
freelaw,github,0.001,3.649264925797979e-07,4.4180379799030334e-08,-2.8819530029800345e-07
freelaw,philpapers,0.001,-0.0008234185759699031,-9.967835217583598e-05,-0.00010997434155173973
freelaw,stackexchange,0.001,-0.00027003676007986144,-3.269132658045848e-05,-3.3204834597446535e-05
freelaw,enron_emails,0.001,-0.002035836456991902,-0.00024641010945103403,-0.0002884525377790985
freelaw,gutenberg_pg_19,0.001,-7.4223976573861705e-06,-8.986029857993572e-07,-1.4461665555967867e-06
freelaw,pile_cc,0.001,-0.00011301400463104017,-1.368202189144796e-05,-1.4060195877799206e-05
freelaw,ubuntu_irc,0.001,-0.0019198094458516834,-0.0002323699348556474,-0.00023903412539776203
freelaw,europarl,0.001,0.0002803613711570563,3.394354040953118e-05,3.373824543855065e-05
freelaw,hackernews,0.001,-0.0012962299553880285,-0.00015690510287846848,-0.00016458465156586282
freelaw,pubmed_abstracts,0.001,-5.1472019984899475e-05,-6.231498657527368e-06,-6.712844789479793e-06
freelaw,uspto_backgrounds,0.001,-4.86880254868538e-06,-5.894485957114171e-07,-9.96844320035839e-07
nih_exporter,arxiv,0.001,0.0005098278679422918,6.172694069439544e-05,5.46140322735668e-05
nih_exporter,freelaw,0.001,0.0004895004146057147,5.926566524561139e-05,5.2117435895196785e-05
nih_exporter,pubmed_central,0.001,0.00044273452082510545,5.3603234373866826e-05,4.64568222742532e-05
nih_exporter,wikipedia_en,0.001,0.000385768392768604,4.6705843271599434e-05,3.9426642866429244e-05
nih_exporter,dm_mathematics,0.001,-0.0012788678361372874,-0.00015480379518795218,-0.00016646228363848207
nih_exporter,github,0.001,0.0004869518737598,5.895708535064159e-05,5.1829240594898775e-05
nih_exporter,philpapers,0.001,-0.0003368316287026829,-4.077734674012845e-05,-5.7856905656542954e-05
nih_exporter,stackexchange,0.001,0.00021655018718735874,2.6217672178585616e-05,1.8912601297750247e-05
nih_exporter,enron_emails,0.001,-0.0015492495097246817,-0.00018752661299403783,-0.00023633510188390174
nih_exporter,gutenberg_pg_19,0.001,0.000479164549609834,5.801418948614412e-05,5.067126933959999e-05
nih_exporter,pile_cc,0.001,0.0003735729426370682,4.522924518068905e-05,3.805724001739757e-05
nih_exporter,ubuntu_irc,0.001,-0.001433222498583575,-0.00017348476303391536,-0.00018691668950256526
nih_exporter,europarl,0.001,0.0007669483184251646,9.286049047041445e-05,8.585568133374742e-05
nih_exporter,hackernews,0.001,-0.0008096430081208084,-9.801092610706164e-05,-0.00011246721567066605
nih_exporter,pubmed_abstracts,0.001,0.0004351149272823207,5.26806574590033e-05,4.540459110571699e-05
nih_exporter,uspto_backgrounds,0.001,0.0004817181447185348,5.832338076627863e-05,5.112059157516094e-05
pubmed_central,arxiv,0.001,6.998442573280528e-05,8.472843100015837e-06,8.157209999313593e-06
pubmed_central,freelaw,0.001,4.9656972397116306e-05,6.011833103336528e-06,5.660613620943577e-06
pubmed_central,nih_exporter,0.001,-0.00033488580091489695,-4.0541791555437356e-05,-4.64568222742532e-05
pubmed_central,wikipedia_en,0.001,-5.4075049439994416e-05,-6.546634279125385e-06,-7.030179407823952e-06
pubmed_central,dm_mathematics,0.001,-0.0017187112783458858,-0.00020803453967976893,-0.0002129191059127353
pubmed_central,github,0.001,4.710843155120159e-05,5.703286488856207e-06,5.372418320645573e-06
pubmed_central,philpapers,0.001,-0.0007766750709112813,-9.402038912265098e-05,-0.00010431372793079614
pubmed_central,stackexchange,0.001,-0.00022329325502123964,-2.7032595697917827e-05,-2.7544220976502954e-05
pubmed_central,enron_emails,0.001,-0.00198909295193328,-0.00024075382829025216,-0.00028279192415815496
pubmed_central,gutenberg_pg_19,0.001,3.932110740123562e-05,4.760492316790987e-06,4.21444706534679e-06
pubmed_central,pile_cc,0.001,-6.62704995715302e-05,-8.023073116980584e-06,-8.39958225685563e-06
pubmed_central,ubuntu_irc,0.001,-0.0018730659407921735,-0.00022671349276093267,-0.00023337351177681845
pubmed_central,europarl,0.001,0.00032710487621656625,3.9603035085544747e-05,3.939885905949423e-05
pubmed_central,hackernews,0.001,-0.0012494864503294068,-0.0001512477957787972,-0.00015892403794491925
pubmed_central,pubmed_abstracts,0.001,-4.728514926277683e-06,-5.724644824844916e-07,-1.0522311685362168e-06
pubmed_central,uspto_backgrounds,0.001,4.1874702509048234e-05,5.069650249822644e-06,4.663769300907738e-06
wikipedia_en,arxiv,0.001,0.00012918387981919466,1.5640089606083762e-05,1.5187389407137544e-05
wikipedia_en,freelaw,0.001,0.00010885642648261751,1.31790438833157e-05,1.2690793028767529e-05
wikipedia_en,nih_exporter,0.001,-0.00027568634682850757,-3.337525658553275e-05,-3.9426642866429244e-05
wikipedia_en,pubmed_central,0.001,6.209053270200826e-05,7.5171415194752456e-06,7.030179407823952e-06
wikipedia_en,dm_mathematics,0.001,-0.0016595118242594964,-0.0002008704361702307,-0.00020588892650491133
wikipedia_en,github,0.001,0.00010630788563759097,1.2870492789751609e-05,1.2402597728469526e-05
wikipedia_en,philpapers,0.001,-0.0007174756168248919,-8.685463049129538e-05,-9.72835485229722e-05
wikipedia_en,stackexchange,0.001,-0.00016409380093485026,-1.9865864617329976e-05,-2.0514041568679e-05
wikipedia_en,enron_emails,0.001,-0.0019298934978468907,-0.00023359019976032513,-0.000275761744750331
wikipedia_en,gutenberg_pg_19,0.001,9.8520561487625e-05,1.192768493130103e-05,1.1244626473170743e-05
wikipedia_en,pile_cc,0.001,-7.071045486028993e-06,-8.560660789136421e-07,-1.3694028490316772e-06
wikipedia_en,ubuntu_irc,0.001,-0.0018138664867066723,-0.00021954966041004553,-0.0002263433323689945
wikipedia_en,europarl,0.001,0.00038630433030206746,4.6770733502565776e-05,4.642903846731818e-05
wikipedia_en,hackernews,0.001,-0.0011902869962430174,-0.00014408286790690283,-0.00015189385853709532
wikipedia_en,pubmed_abstracts,0.001,5.44709391601117e-05,6.594650714397687e-06,5.9779482392877356e-06
wikipedia_en,uspto_backgrounds,0.001,0.00010107415659543761,1.223684735274233e-05,1.169394870873169e-05
dm_mathematics,arxiv,0.001,0.0018677476485313704,0.00022617348537101734,0.00022107631591204892
dm_mathematics,freelaw,0.001,0.0018474201951947933,0.00022371139021881703,0.00021857971953367886
dm_mathematics,nih_exporter,0.001,0.00146287742188278,0.0001771372382495251,0.00016646228363848207
dm_mathematics,pubmed_central,0.001,0.001800654301414184,0.00021804707352934827,0.0002129191059127353
dm_mathematics,wikipedia_en,0.001,0.0017436881733585707,0.00021114738531791133,0.00020588892650491133
dm_mathematics,github,0.001,0.0018448716543497667,0.00022340270755405456,0.00021829152423338084
dm_mathematics,philpapers,0.001,0.0010210881518872839,0.00012363505988099988,0.00010860537798193913
dm_mathematics,stackexchange,0.001,0.0015744699677764373,0.00019065239083904117,0.00018537488493623234
dm_mathematics,enron_emails,0.001,-0.0001913297291347149,-2.316307978800225e-05,-6.987281824541967e-05
dm_mathematics,gutenberg_pg_19,0.001,0.0018370843301998008,0.00022245949766697137,0.00021713355297808208
dm_mathematics,pile_cc,0.001,0.0017314927232261468,0.00020967029546037352,0.00020451952365587966
dm_mathematics,ubuntu_irc,0.001,-7.530271799360833e-05,-9.116553326471433e-06,-2.0454405864083167e-05
dm_mathematics,europarl,0.001,0.0021248680990142432,0.00025731740387335833,0.0002523179649722295
dm_mathematics,hackernews,0.001,0.0005482767724691584,6.638241942713563e-05,5.399506796781603e-05
dm_mathematics,pubmed_abstracts,0.001,0.0017930347078713993,0.0002171241893589304,0.00021186687474419907
dm_mathematics,uspto_backgrounds,0.001,0.0018396379253076134,0.00022276879192029142,0.000217582875213643
github,arxiv,0.001,2.5448821855178494e-05,3.0810097388922486e-06,2.78479167866802e-06
github,freelaw,0.001,5.1213685186013436e-06,6.200266184919201e-07,2.8819530029800345e-07
github,nih_exporter,0.001,-0.00037942140479252373,-4.593308963629639e-05,-5.1829240594898775e-05
github,pubmed_central,0.001,-4.1644525261119725e-05,-5.041731721888709e-06,-5.372418320645573e-06
github,wikipedia_en,0.001,-9.86106533176212e-05,-1.1938303615011137e-05,-1.2402597728469526e-05
github,dm_mathematics,0.001,-0.0017632468822235126,-0.00021342400860246968,-0.00021829152423338084
github,philpapers,0.001,-0.0008212106747889081,-9.941110317335244e-05,-0.00010968614625144172
github,stackexchange,0.001,-0.00026782885889886643,-3.242404131054144e-05,-3.2916639297148525e-05
github,enron_emails,0.001,-0.002033628555810907,-0.00024614293989166924,-0.0002881643424788005
github,gutenberg_pg_19,0.001,-5.214496476391162e-06,-6.31300502540455e-07,-1.1579712552987832e-06
github,pile_cc,0.001,-0.00011080610345004516,-1.3414726329319393e-05,-1.3772000577501203e-05
github,ubuntu_irc,0.001,-0.0019176015446706884,-0.0002321027576943635,-0.000238745930097464
github,europarl,0.001,0.0002825692723380513,3.421086175681154e-05,3.402644073884865e-05
github,hackernews,0.001,-0.0012940220542070335,-0.00015663788485964503,-0.0001642964562655648
github,pubmed_abstracts,0.001,-4.9264118803904466e-05,-5.964199061736508e-06,-6.42464948918179e-06
github,uspto_backgrounds,0.001,-2.6609013676903714e-06,-3.22145945474972e-07,-7.086490197378355e-07
philpapers,arxiv,0.001,0.0010328240203083539,0.0001250562383954268,0.00011247093793010974
philpapers,freelaw,0.001,0.0010124965669717767,0.0001225946472747097,0.00010997434155173973
philpapers,nih_exporter,0.001,0.0006279537936606516,7.603002979816864e-05,5.7856905656542954e-05
philpapers,pubmed_central,0.001,0.0009657306731920556,0.00011693149016345217,0.00010431372793079614
philpapers,wikipedia_en,0.001,0.0009087645451355542,0.00011003321443148195,9.72835485229722e-05
philpapers,dm_mathematics,0.001,-0.0007558716837703372,-9.150226878729129e-05,-0.00010860537798193913
philpapers,github,0.001,0.0010099480261267502,0.00012228602780250952,0.00010968614625144172
philpapers,stackexchange,0.001,0.0007395463395543089,8.954241561376364e-05,7.67695069542932e-05
philpapers,enron_emails,0.001,-0.0010262533573577315,-0.00012422928348110318,-0.00017847819622735883
philpapers,gutenberg_pg_19,0.001,0.0010021607019767842,0.00012134301100585887,0.00010852817499614294
philpapers,pile_cc,0.001,0.0008965690950031302,0.00010855642695872803,9.591414567394051e-05
philpapers,ubuntu_irc,0.001,-0.0009102263462166249,-0.00011018563257403358,-0.0001290597838460223
philpapers,europarl,0.001,0.0012899444707912266,0.0001561937812271097,0.00014371258699029038
philpapers,hackernews,0.001,-0.0002866468557538582,-3.470211569744919e-05,-5.4610310014123104e-05
philpapers,pubmed_abstracts,0.001,0.0009581110796492709,0.00011600879492279503,0.00010326149676225993
philpapers,uspto_backgrounds,0.001,0.001004714297085485,0.00012165224194138347,0.00010897749723170389
stackexchange,arxiv,0.001,0.0002988465162303555,3.618163140250985e-05,3.570143097581655e-05
stackexchange,freelaw,0.001,0.00027851906289377837,3.372048328786903e-05,3.3204834597446535e-05
stackexchange,nih_exporter,0.001,-0.0001060237104173467,-1.283575407251547e-05,-1.8912601297750247e-05
stackexchange,pubmed_central,0.001,0.00023175316911316912,2.8058345360904013e-05,2.7544220976502954e-05
stackexchange,wikipedia_en,0.001,0.00017478704105755583,2.11613110940867e-05,2.0514041568679e-05
stackexchange,dm_mathematics,0.001,-0.0014898491878483355,-0.00018033790229532443,-0.00018537488493623234
stackexchange,github,0.001,0.00027597052204875183,3.341191935701815e-05,3.2916639297148525e-05
stackexchange,philpapers,0.001,-0.0005478129804146192,-6.631735298823216e-05,-7.67695069542932e-05
stackexchange,enron_emails,0.001,-0.0017602308614357298,-0.00021305902719115366,-0.000255247703181652
stackexchange,gutenberg_pg_19,0.001,0.0002681831978978977,3.2469072273055843e-05,3.175866804184974e-05
stackexchange,pile_cc,0.001,0.00016259159092513187,1.9684789394958102e-05,1.9144638719647324e-05
stackexchange,ubuntu_irc,0.001,-0.0016442038502955114,-0.00019901790368415107,-0.0002058292908003155
stackexchange,europarl,0.001,0.0005559669667132283,6.731357048961328e-05,6.694308003599718e-05
stackexchange,hackernews,0.001,-0.0010206243598318565,-0.0001235479713845855,-0.0001313798169684163
stackexchange,pubmed_abstracts,0.001,0.00022413357557127256,2.7135816175416494e-05,2.6491989807966737e-05
stackexchange,uspto_backgrounds,0.001,0.0002707367930065985,3.277824755709702e-05,3.220799027741069e-05
enron_emails,arxiv,0.001,0.0029329313115660227,0.000355207485218223,0.00029094913415746854
enron_emails,freelaw,0.001,0.0029126038582294456,0.00035274474688007373,0.0002884525377790985
enron_emails,nih_exporter,0.001,0.0025280610849174323,0.00030615842810721716,0.00023633510188390174
enron_emails,pubmed_central,0.001,0.0028658379644488363,0.00034707895047247916,0.00028279192415815496
enron_emails,wikipedia_en,0.001,0.002808871836393223,0.000340177459820179,0.000275761744750331
enron_emails,dm_mathematics,0.001,0.0011442356074864435,0.00013854805161228612,6.987281824541967e-05
enron_emails,github,0.001,0.002910055317384419,0.00035243598357670436,0.0002881643424788005
enron_emails,philpapers,0.001,0.002086271814921048,0.00025264227309129694,0.00017847819622735883
enron_emails,stackexchange,0.001,0.0026396536308110896,0.00031967711132896426,0.000255247703181652
enron_emails,gutenberg_pg_19,0.001,0.002902267993233565,0.0003514925272902758,0.0002870063712235018
enron_emails,pile_cc,0.001,0.002796676386260799,0.000338699984094859,0.00027439234190129936
enron_emails,ubuntu_irc,0.001,0.0009898809450401558,0.00011985598050179291,4.94184123813365e-05
enron_emails,europarl,0.001,0.0031900517620488955,0.0003863595396049746,0.0003221907832176492
enron_emails,hackernews,0.001,0.0016134604355038107,0.00019537467623820248,0.00012386788621323572
enron_emails,pubmed_abstracts,0.001,0.0028582183709060516,0.0003461558252122465,0.0002817396929896188
enron_emails,uspto_backgrounds,0.001,0.0029048215883422657,0.00035180190234207487,0.0002874556934590627
gutenberg_pg_19,arxiv,0.001,3.686189536900031e-05,4.4627613098313645e-06,3.942762933966803e-06
gutenberg_pg_19,freelaw,0.001,1.6534442032423158e-05,2.0017713016073913e-06,1.4461665555967867e-06
gutenberg_pg_19,nih_exporter,0.001,-0.0003680083312787019,-4.455147524051739e-05,-5.067126933959999e-05
gutenberg_pg_19,pubmed_central,0.001,-3.023145174818609e-05,-3.6600028838762455e-06,-4.21444706534679e-06
gutenberg_pg_19,wikipedia_en,0.001,-8.719757980379939e-05,-1.0556594078448e-05,-1.1244626473170743e-05
gutenberg_pg_19,dm_mathematics,0.001,-0.0017518338087096907,-0.00021204286296061525,-0.00021713355297808208
gutenberg_pg_19,github,0.001,1.3985901187396621e-05,1.6932271931224818e-06,1.1579712552987832e-06
gutenberg_pg_19,philpapers,0.001,-0.0008097976012759744,-9.802963844585122e-05,-0.00010852817499614294
gutenberg_pg_19,stackexchange,0.001,-0.0002564157853850446,-3.1042389107227564e-05,-3.175866804184974e-05
gutenberg_pg_19,enron_emails,0.001,-0.002022215482297085,-0.0002447618858192335,-0.0002870063712235018
gutenberg_pg_19,pile_cc,0.001,-9.939302993622334e-05,-1.2033020924562265e-05,-1.261402932220242e-05
gutenberg_pg_19,ubuntu_irc,0.001,-0.0019061884711568666,-0.00023072166432802632,-0.00023758795884216524
gutenberg_pg_19,europarl,0.001,0.0002939823458518731,3.559270045006002e-05,3.518441199414744e-05
gutenberg_pg_19,hackernews,0.001,-0.0012826089806932117,-0.00015525658029114098,-0.00016313848501026603
gutenberg_pg_19,pubmed_abstracts,0.001,-3.785104529097083e-05,-4.5824728056587105e-06,-5.266678233883007e-06
gutenberg_pg_19,uspto_backgrounds,0.001,8.752172145243264e-06,1.0595961010828603e-06,4.493222355609478e-07
pile_cc,arxiv,0.001,0.0001395842680080861,1.6899269832837405e-05,1.6556792256169223e-05
pile_cc,freelaw,0.001,0.00011925681467150895,1.443821783331245e-05,1.4060195877799206e-05
pile_cc,nih_exporter,0.001,-0.0002652859586405043,-3.211620136545079e-05,-3.805724001739757e-05
pile_cc,pubmed_central,0.001,7.24909208908997e-05,8.776301029911338e-06,8.39958225685563e-06
pile_cc,wikipedia_en,0.001,1.5524792835286405e-05,1.8795361134138489e-06,1.3694028490316772e-06
pile_cc,dm_mathematics,0.001,-0.0016491114360714931,-0.00019961180812222423,-0.00020451952365587966
pile_cc,github,0.001,0.00011670827382648241,1.4129665952822279e-05,1.3772000577501203e-05
pile_cc,philpapers,0.001,-0.0007070752286360005,-8.559571166255608e-05,-9.591414567394051e-05
pile_cc,stackexchange,0.001,-0.000153693412746847,-1.8606774943474846e-05,-1.9144638719647324e-05
pile_cc,enron_emails,0.001,-0.0019194931096579992,-0.00023233165515890164,-0.00027439234190129936
pile_cc,gutenberg_pg_19,0.001,0.00010892094967651644,1.3186855690072719e-05,1.261402932220242e-05
pile_cc,ubuntu_irc,0.001,-0.0018034660985168927,-0.00021829108000037678,-0.00022497392951996285
pile_cc,europarl,0.001,0.0003967047184909589,4.8029993123144266e-05,4.7798441316349864e-05
pile_cc,hackernews,0.001,-0.001179886608054126,-0.0001428240950303028,-0.00015052445568806364
pile_cc,pubmed_abstracts,0.001,6.487132734811496e-05,7.853807872049146e-06,7.347351088319413e-06
pile_cc,uspto_backgrounds,0.001,0.00011147454478432905,1.3496018899772366e-05,1.3063351557763368e-05
ubuntu_irc,arxiv,0.001,0.0020528593171853515,0.0002485950850994456,0.00024153072177613203
ubuntu_irc,freelaw,0.001,0.0020325318638487744,0.00024613287818375795,0.00023903412539776203
ubuntu_irc,nih_exporter,0.001,0.0016479890905367611,0.00019955661204962283,0.00018691668950256526
ubuntu_irc,pubmed_central,0.001,0.001985765970068165,0.00024046830437107758,0.00023337351177681845
ubuntu_irc,wikipedia_en,0.001,0.0019287998420125518,0.00023356830295861997,0.0002263433323689945
ubuntu_irc,dm_mathematics,0.001,0.0002641636131066605,3.198240339408187e-05,2.0454405864083167e-05
ubuntu_irc,github,0.001,0.002029983323003748,0.00024582418150709273,0.000238745930097464
ubuntu_irc,philpapers,0.001,0.0012061998205403768,0.00014605200502781912,0.0001290597838460223
ubuntu_irc,stackexchange,0.001,0.0017595816364313066,0.00021307237813950053,0.0002058292908003155
ubuntu_irc,enron_emails,0.001,-6.218060480733811e-06,-7.527983267863192e-07,-4.94184123813365e-05
ubuntu_irc,gutenberg_pg_19,0.001,0.0020221959988528937,0.00024488092880448065,0.00023758795884216524
ubuntu_irc,pile_cc,0.001,0.0019166043918801279,0.0002320911460507169,0.00022497392951996285
ubuntu_irc,europarl,0.001,0.0023099797676682243,0.000279740417334029,0.0002727723708363127
ubuntu_irc,hackernews,0.001,0.0007333884411231395,8.87967656746369e-05,7.44494738318992e-05
ubuntu_irc,pubmed_abstracts,0.001,0.0019781463765253804,0.0002395453783079482,0.00023232128060828226
ubuntu_irc,uspto_backgrounds,0.001,0.0020247495939615945,0.00024519023709768106,0.00023803728107772617
europarl,arxiv,0.001,-0.00025665921099893296,-3.107185794348766e-05,-3.124164906018063e-05
europarl,freelaw,0.001,-0.0002769866643355101,-3.3532670824953925e-05,-3.373824543855065e-05
europarl,nih_exporter,0.001,-0.0006615294376466352,-8.008256675617886e-05,-8.585568133374742e-05
europarl,pubmed_central,0.001,-0.0003237525581152312,-3.919403751151407e-05,-3.939885905949423e-05
europarl,wikipedia_en,0.001,-0.00038071868617173266,-4.609013233247694e-05,-4.642903846731818e-05
europarl,dm_mathematics,0.001,-0.002045354915077624,-0.0002475618994952633,-0.0002523179649722295
europarl,github,0.001,-0.00027953520518053665,-3.384119272631381e-05,-3.402644073884865e-05
europarl,philpapers,0.001,-0.0011033187076430195,-0.0001335568809381904,-0.00014371258699029038
europarl,stackexchange,0.001,-0.0005499368917529779,-6.657445292201913e-05,-6.694308003599718e-05
europarl,enron_emails,0.001,-0.0023157365886650183,-0.0002802785674442809,-0.0003221907832176492
europarl,gutenberg_pg_19,0.001,-0.0002873225293305026,-3.4783911385005695e-05,-3.518441199414744e-05
europarl,pile_cc,0.001,-0.0003929141363041566,-4.756645291470463e-05,-4.7798441316349864e-05
europarl,ubuntu_irc,0.001,-0.0021997095775239117,-0.0002662393564798471,-0.0002727723708363127
europarl,hackernews,0.001,-0.001576130087061145,-0.000190779703946653,-0.00019832289700441347
europarl,pubmed_abstracts,0.001,-0.0003313721516580159,-4.0116441039295125e-05,-4.045109022803045e-05
europarl,uspto_backgrounds,0.001,-0.00028476893422180183,-3.44747782135002e-05,-3.473508975858649e-05
hackernews,arxiv,0.001,0.0014498663537425571,0.00017556147094932584,0.00016708124794423282
hackernews,freelaw,0.001,0.0014295389004068682,0.00017309962807887658,0.00016458465156586282
hackernews,nih_exporter,0.001,0.001044996127094855,0.0001265302483903774,0.00011246721567066605
hackernews,pubmed_central,0.001,0.0013827730066253707,0.00016743589179091245,0.00015892403794491925
hackernews,wikipedia_en,0.001,0.0013258068785697574,0.0001605369105650567,0.00015189385853709532
hackernews,dm_mathematics,0.001,-0.00033882935033613393,-4.1019183897539335e-05,-5.399506796781603e-05
hackernews,github,0.001,0.0014269903595609534,0.0001727909770434799,0.0001642964562655648
hackernews,philpapers,0.001,0.0006032068570984706,7.30335521912373e-05,5.4610310014123104e-05
hackernews,stackexchange,0.001,0.0011565886729885122,0.0001400440161321015,0.0001313798169684163
hackernews,enron_emails,0.001,-0.0006092110239235282,-7.374954561711888e-05,-0.00012386788621323572
hackernews,gutenberg_pg_19,0.001,0.0014192030354109875,0.00017184786380397554,0.00016313848501026603
hackernews,pile_cc,0.001,0.0013136114284382217,0.00015905997205933886,0.00015052445568806364
hackernews,ubuntu_irc,0.001,-0.0004931840127824216,-5.9704458451381726e-05,-7.44494738318992e-05
hackernews,europarl,0.001,0.001706986804226318,0.0002067021982496975,0.00019832289700441347
hackernews,pubmed_abstracts,0.001,0.001375153413082586,0.00016651310218485094,0.00015787180677638305
hackernews,uspto_backgrounds,0.001,0.0014217566305188,0.00017215712636486913,0.00016358780724582696
pubmed_abstracts,arxiv,0.001,7.978102564898393e-05,9.658905071319168e-06,9.20944116784981e-06
pubmed_abstracts,freelaw,0.001,5.9453572313294956e-05,7.197889162480209e-06,6.712844789479793e-06
pubmed_abstracts,nih_exporter,0.001,-0.0003250892009987183,-3.935584733172348e-05,-4.540459110571699e-05
pubmed_abstracts,pubmed_central,0.001,1.2687678532685709e-05,1.5360553891063944e-06,1.0522311685362168e-06
pubmed_abstracts,wikipedia_en,0.001,-4.4278449523815766e-05,-5.360608388738086e-06,-5.9779482392877356e-06
pubmed_abstracts,dm_mathematics,0.001,-0.0017089146784297071,-0.00020684899782308364,-0.00021186687474419907
pubmed_abstracts,github,0.001,5.690503146738024e-05,6.889341806814997e-06,6.42464948918179e-06
pubmed_abstracts,philpapers,0.001,-0.0007668784709951026,-9.28345733703928e-05,-0.00010326149676225993
pubmed_abstracts,stackexchange,0.001,-0.000213496655105061,-2.5846619021052675e-05,-2.6491989807966737e-05
pubmed_abstracts,enron_emails,0.001,-0.0019792963520171014,-0.00023956836503469248,-0.0002817396929896188
pubmed_abstracts,gutenberg_pg_19,0.001,4.911770731741427e-05,5.946545369894807e-06,5.266678233883007e-06
pubmed_abstracts,pile_cc,0.001,-5.6473899655351545e-05,-6.837050773533804e-06,-7.347351088319413e-06
pubmed_abstracts,ubuntu_irc,0.001,-0.0018632693408759948,-0.0002255279957763534,-0.00023232128060828226
pubmed_abstracts,europarl,0.001,0.0003369014761327449,4.078917184058284e-05,4.045109022803045e-05
pubmed_abstracts,hackernews,0.001,-0.001239689850413228,-0.00015006211750367981,-0.00015787180677638305
pubmed_abstracts,uspto_backgrounds,0.001,5.167130242611506e-05,6.255704045887711e-06,5.716000469443955e-06
uspto_backgrounds,arxiv,0.001,3.1939859412410954e-05,3.8668625519378e-06,3.4934406984058553e-06
uspto_backgrounds,freelaw,0.001,1.1612406075833803e-05,1.405875514226551e-06,9.96844320035839e-07
uspto_backgrounds,nih_exporter,0.001,-0.00037293036723529127,-4.5147314839510955e-05,-5.112059157516094e-05
uspto_backgrounds,pubmed_central,0.001,-3.5153487704775443e-05,-4.2558918376123245e-06,-4.663769300907738e-06
uspto_backgrounds,wikipedia_en,0.001,-9.211961576038874e-05,-1.115247470817593e-05,-1.169394870873169e-05
uspto_backgrounds,dm_mathematics,0.001,-0.00175675584466628,-0.00021263850040309507,-0.000217582875213643
uspto_backgrounds,github,0.001,9.063865230807266e-06,1.0973317783324887e-06,7.086490197378355e-07
uspto_backgrounds,philpapers,0.001,-0.0008147196372316756,-9.862541349825449e-05,-0.00010897749723170389
uspto_backgrounds,stackexchange,0.001,-0.00026133782134163397,-3.163824501095647e-05,-3.220799027741069e-05
uspto_backgrounds,enron_emails,0.001,-0.0020271375182536744,-0.00024535748377152444,-0.0002874556934590627
uspto_backgrounds,gutenberg_pg_19,0.001,1.276541080841298e-06,1.5454640145406984e-07,-4.493222355609478e-07
uspto_backgrounds,pile_cc,0.001,-0.00010431506589192452,-1.2628899772604285e-05,-1.3063351557763368e-05
uspto_backgrounds,ubuntu_irc,0.001,-0.0019111105071125678,-0.0002313172792258733,-0.00023803728107772617
uspto_backgrounds,europarl,0.001,0.00028906030989617193,3.499676411999886e-05,3.473508975858649e-05
uspto_backgrounds,hackernews,0.001,-0.001287531016649801,-0.00015585228627301717,-0.00016358780724582696
uspto_backgrounds,pubmed_abstracts,0.001,-4.2773081247560185e-05,-5.17836064606314e-06,-5.716000469443955e-06
arxiv,freelaw,0.005,-3.802851170675581e-05,-4.6039578456280594e-06,-1.248298189185008e-05
arxiv,nih_exporter,0.005,-0.0013380025862748113,-0.00016196073651686405,-0.00027307016136783396
arxiv,pubmed_central,0.005,-0.00027191036227769416,-3.2918141994020544e-05,-4.078604999656796e-05
arxiv,wikipedia_en,0.005,-0.000535999968006351,-6.488738279974982e-05,-7.593694703568773e-05
arxiv,dm_mathematics,0.005,-0.008222122098112905,-0.000994420839044441,-0.0011053815795602445
arxiv,github,0.005,-5.3921650673416366e-05,-6.528063070998513e-06,-1.3923958393340099e-05
arxiv,philpapers,0.005,-0.0030719585423319984,-0.00037177126474219335,-0.0005623546896505487
arxiv,stackexchange,0.005,-0.0013772168482883984,-0.000166706690251317,-0.00017850715487908273
arxiv,enron_emails,0.005,-0.006690511931233267,-0.0008093328626990193,-0.0014547456707873427
arxiv,gutenberg_pg_19,0.005,-6.0510276121306106e-05,-7.32571378891933e-06,-1.9713814669834016e-05
arxiv,pile_cc,0.005,-0.0006134316828507735,-7.426044948344313e-05,-8.278396128084611e-05
arxiv,ubuntu_irc,0.005,-0.008762259747848056,-0.0010596773872815213,-0.0012076536088806602
arxiv,europarl,0.005,0.0013247772210398523,0.00016041221299989417,0.00015620824530090317
arxiv,hackernews,0.005,-0.00557714634831008,-0.000674744162956209,-0.0008354062397211642
arxiv,pubmed_abstracts,0.005,-0.00029012096657865527,-3.5122684439059526e-05,-4.604720583924905e-05
arxiv,uspto_backgrounds,0.005,-6.85336119339297e-05,-8.297055710926315e-06,-1.746720349202928e-05
freelaw,arxiv,0.005,0.0001689775454725151,2.0457946075413957e-05,1.248298189185008e-05
freelaw,nih_exporter,0.005,-0.0012270458959848796,-0.000148531820925335,-0.00026058717947598394
freelaw,pubmed_central,0.005,-0.00016095367198776245,-1.9485715305744833e-05,-2.8303068104717886e-05
freelaw,wikipedia_en,0.005,-0.0004250432777155311,-5.145582595700304e-05,-6.345396514383764e-05
freelaw,dm_mathematics,0.005,-0.008111165407822973,-0.0009810145737110254,-0.0010928985976683943
freelaw,github,0.005,5.703503961651535e-05,6.9050816602356235e-06,-1.4409765014900173e-06
freelaw,philpapers,0.005,-0.0029610018520420667,-0.000358348057848179,-0.0005498717077586986
freelaw,stackexchange,0.005,-0.0012662601579975785,-0.00015327790379160433,-0.00016602417298723266
freelaw,enron_emails,0.005,-0.0065795552409433355,-0.0007959215613402293,-0.0014422626888954927
freelaw,gutenberg_pg_19,0.005,5.044641416862561e-05,6.107409238786943e-06,-7.230832777983934e-06
freelaw,pile_cc,0.005,-0.0005024749925608418,-6.082914767047143e-05,-7.030097938899602e-05
freelaw,ubuntu_irc,0.005,-0.008651303057558124,-0.001046272897502032,-0.0011951706269888102
freelaw,europarl,0.005,0.0014357339113288958,0.00017384989997903944,0.00016869122719275325
freelaw,hackernews,0.005,-0.0054661896580201486,-0.0006613291995973825,-0.0008229232578293141
freelaw,pubmed_abstracts,0.005,-0.00017916427628872356,-2.169031773391339e-05,-3.356422394739897e-05
freelaw,uspto_backgrounds,0.005,4.242307835600201e-05,5.136040887698812e-06,-4.984221600179195e-06
nih_exporter,arxiv,0.005,0.005083095253086256,0.0006157763089951196,0.00027307016136783396
nih_exporter,freelaw,0.005,0.004987045886196029,0.0006041335808344428,0.00026058717947598394
nih_exporter,pubmed_central,0.005,0.00475316403562509,0.0005757844855103222,0.000232284111371266
nih_exporter,wikipedia_en,0.005,0.00448907442989821,0.0005437758268711512,0.00019713321433214624
nih_exporter,dm_mathematics,0.005,-0.0031970477002101205,-0.00038690373712979564,-0.0008323114181924104
nih_exporter,github,0.005,0.004971152747230256,0.0006022071032019127,0.0002591462029744939
nih_exporter,philpapers,0.005,0.0019531158555707862,0.0002365135594111223,-0.0002892845282827148
nih_exporter,stackexchange,0.005,0.0036478575496161625,0.00044183097697958473,9.456300648875124e-05
nih_exporter,enron_emails,0.005,-0.0016654375333295945,-0.00020158754870269746,-0.0011816755094195086
nih_exporter,gutenberg_pg_19,0.005,0.004964564121782367,0.0006014084689867083,0.00025335634669799994
nih_exporter,pile_cc,0.005,0.004411642715052899,0.0005343912032671483,0.00019028620008698785
nih_exporter,ubuntu_irc,0.005,-0.003737185349944383,-0.00045224074619998333,-0.0009345834475128264
nih_exporter,europarl,0.005,0.006349851618942637,0.0007693532153769667,0.0004292784066687371
nih_exporter,hackernews,0.005,-0.0005520719504072957,-6.683290210585113e-05,-0.0005623360783533302
nih_exporter,pubmed_abstracts,0.005,0.0047349534313250174,0.000573577224880939,0.00022702295552858492
nih_exporter,uspto_backgrounds,0.005,0.004956540785969743,0.0006004359294071726,0.0002556029578758047
pubmed_central,arxiv,0.005,0.00040227413057358774,4.870432848003148e-05,4.078604999656796e-05
pubmed_central,freelaw,0.005,0.0003062247636833604,3.707495636540159e-05,2.8303068104717886e-05
pubmed_central,nih_exporter,0.005,-0.000993749310884695,-0.00012029510640765295,-0.000232284111371266
pubmed_central,wikipedia_en,0.005,-0.0001917466926153466,-2.321355773160505e-05,-3.515089703911976e-05
pubmed_central,dm_mathematics,0.005,-0.007877868822722789,-0.0009528254854416218,-0.0010645955295636763
pubmed_central,github,0.005,0.000290331624717588,3.515068870685312e-05,2.6862091603227866e-05
pubmed_central,philpapers,0.005,-0.002727705266941882,-0.0003301233468944176,-0.0005215686396539807
pubmed_central,stackexchange,0.005,-0.001032963572897394,-0.0001250414607967265,-0.00013772110488251477
pubmed_central,enron_emails,0.005,-0.006346258655842263,-0.0007677218839194921,-0.001413959620790775
pubmed_central,gutenberg_pg_19,0.005,0.0002837429992688101,3.435297065079723e-05,2.107223532673395e-05
pubmed_central,pile_cc,0.005,-0.00026917840746065735,-3.25874156921202e-05,-4.199791128427815e-05
pubmed_central,ubuntu_irc,0.005,-0.008418006472457051,-0.0010180875426542002,-0.0011668675588840923
pubmed_central,europarl,0.005,0.0016690304964299685,0.00020210505792084277,0.00019699429529747116
pubmed_central,hackernews,0.005,-0.005232893072919964,-0.0006331218221622414,-0.0007946201897245963
pubmed_central,pubmed_abstracts,0.005,5.4132308812349095e-05,6.553653372876056e-06,-5.261155842681083e-06
pubmed_central,uspto_backgrounds,0.005,0.00027571966345707466,3.338154672771765e-05,2.331884650453869e-05
wikipedia_en,arxiv,0.005,0.0007223973273591255,8.746587232355552e-05,7.593694703568773e-05
wikipedia_en,freelaw,0.005,0.0006263479604688982,7.583558727208839e-05,6.345396514383764e-05
wikipedia_en,nih_exporter,0.005,-0.0006736261140982691,-8.15468294734778e-05,-0.00019713321433214624
wikipedia_en,pubmed_central,0.005,0.0003924661098979598,4.7516789905888146e-05,3.515089703911976e-05
wikipedia_en,dm_mathematics,0.005,-0.007557745625937251,-0.0009141425643788281,-0.0010294446325245566
wikipedia_en,github,0.005,0.0006104548215031258,7.391116855348656e-05,6.201298864234762e-05
wikipedia_en,philpapers,0.005,-0.0024075820701563444,-0.00029139154204127493,-0.000486417742614861
wikipedia_en,stackexchange,0.005,-0.0007128403761118562,-8.629355646405656e-05,-0.000102570207843395
wikipedia_en,enron_emails,0.005,-0.006026135459057613,-0.0007290244317266215,-0.001378808723751655
wikipedia_en,gutenberg_pg_19,0.005,0.0006038661960543479,7.311338787419075e-05,5.622313236585372e-05
wikipedia_en,pile_cc,0.005,5.0944789325768625e-05,6.167746531282603e-06,-6.847014245158386e-06
wikipedia_en,ubuntu_irc,0.005,-0.008097883275672402,-0.0009794097448381223,-0.0011317166618449723
wikipedia_en,europarl,0.005,0.0019891536932155063,0.00024087864413413484,0.00023214519233659092
wikipedia_en,hackernews,0.005,-0.004912769876134426,-0.0005944138035025581,-0.0007594692926854766
wikipedia_en,pubmed_abstracts,0.005,0.0003742555055978869,4.531188827572308e-05,2.988974119643868e-05
wikipedia_en,uspto_backgrounds,0.005,0.0005958428602426125,7.214188769211205e-05,5.846974354365845e-05
dm_mathematics,arxiv,0.005,0.010291143875665654,0.0012474862977103207,0.0011053815795602445
dm_mathematics,freelaw,0.005,0.010195094508775426,0.00123582869110761,0.0010928985976683943
dm_mathematics,nih_exporter,0.005,0.00889512043420737,0.0010780765558422445,0.0008323114181924104
dm_mathematics,pubmed_central,0.005,0.009961212658204488,0.001207443367987615,0.0010645955295636763
dm_mathematics,wikipedia_en,0.005,0.00969712305247672,0.0011753938049339219,0.0010294446325245566
dm_mathematics,github,0.005,0.010179201369808766,0.001233899751595935,0.0010914576211669043
dm_mathematics,philpapers,0.005,0.007161164478150184,0.0008677388817472931,0.0005430268899096957
dm_mathematics,stackexchange,0.005,0.008855906172194672,0.001073318677968782,0.0009268744246811617
dm_mathematics,enron_emails,0.005,0.003542611089248915,0.00042907791670510065,-0.00034936409122709837
dm_mathematics,gutenberg_pg_19,0.005,0.010172612744360876,0.0012331000967922279,0.0010856677648904104
dm_mathematics,pile_cc,0.005,0.009619691337631409,0.0011659971885582543,0.0010225976182793983
dm_mathematics,ubuntu_irc,0.005,0.0014708632726341264,0.00017810440518317705,-0.00010227202932041585
dm_mathematics,europarl,0.005,0.011557900241522034,0.001401259462657567,0.0012615898248611477
dm_mathematics,hackernews,0.005,0.004655976672172102,0.0005640047685790961,0.00026997533983908015
dm_mathematics,pubmed_abstracts,0.005,0.009943002053903527,0.0012052332866621107,0.0010593343737209954
dm_mathematics,uspto_backgrounds,0.005,0.010164589408548252,0.0012321263143881822,0.0010879143760682151
github,arxiv,0.005,0.00017632514279508626,2.1347531725002256e-05,1.3923958393340099e-05
github,freelaw,0.005,8.027577590574708e-05,9.718803935410136e-06,1.4409765014900173e-06
github,nih_exporter,0.005,-0.0012196982986623084,-0.00014764253975441122,-0.0002591462029744939
github,pubmed_central,0.005,-0.00015360607466519127,-1.8596201624809794e-05,-2.6862091603227866e-05
github,wikipedia_en,0.005,-0.0004176956803938481,-5.0566369878879414e-05,-6.201298864234762e-05
github,dm_mathematics,0.005,-0.008103817810500402,-0.000980126792471392,-0.0010914576211669043
github,philpapers,0.005,-0.0029536542547194955,-0.00035745915471485645,-0.0005484307312572087
github,stackexchange,0.005,-0.0012589125606758955,-0.00015238863117206236,-0.00016458319648574263
github,enron_emails,0.005,-0.006572207643620764,-0.0007950334466078068,-0.0014408217123940026
github,gutenberg_pg_19,0.005,5.7794011491196784e-05,6.996969032169176e-06,-5.789856276493916e-06
github,pile_cc,0.005,-0.0004951273952382707,-5.993970848061636e-05,-6.886000288750602e-05
github,ubuntu_irc,0.005,-0.008643955460236441,-0.001045385233841678,-0.00119372965048732
github,europarl,0.005,0.001443081508651467,0.00017473976200355068,0.00017013220369424328
github,hackernews,0.005,-0.0054588420606984656,-0.0006604408423620534,-0.000821482281327824
github,pubmed_abstracts,0.005,-0.00017181667896615238,-2.0800808025356332e-05,-3.212324744590895e-05
github,uspto_backgrounds,0.005,4.9770675678573184e-05,6.025598930925469e-06,-3.5432450986891775e-06
philpapers,arxiv,0.005,0.010108140042635938,0.001225275178399432,0.0005623546896505487
philpapers,freelaw,0.005,0.01001209067574571,0.0012136180949271491,0.0005498717077586986
philpapers,nih_exporter,0.005,0.008712116601177655,0.0010558730387284498,0.0002892845282827148
philpapers,pubmed_central,0.005,0.009778208825174772,0.0011852340455877908,0.0005215686396539807
philpapers,wikipedia_en,0.005,0.009514119219447004,0.0011531859207458695,0.000486417742614861
philpapers,dm_mathematics,0.005,0.0018279970893395614,0.000221358842611874,-0.0005430268899096957
philpapers,github,0.005,0.009996197536779938,0.0012116892419760106,0.0005484307312572087
philpapers,stackexchange,0.005,0.008672902339164956,0.0010511153743628654,0.00038384753477146603
philpapers,enron_emails,0.005,0.0033596072562200874,0.0004069035231579754,-0.0008923909811367942
philpapers,gutenberg_pg_19,0.005,0.00998960891133116,0.001210889623056488,0.0005426408749807147
philpapers,pile_cc,0.005,0.009436687504601693,0.001143789726040012,0.00047957072836970257
philpapers,ubuntu_irc,0.005,0.001287859439605299,0.00015594127397644542,-0.0006452989192301115
philpapers,europarl,0.005,0.011374896408492319,0.0013790414428345166,0.0007185629349514519
philpapers,hackernews,0.005,0.004472972839142386,0.0005418243202406359,-0.00027305155007061553
philpapers,pubmed_abstracts,0.005,0.009759998220873811,0.0011830240634385092,0.0005163074838112996
philpapers,uspto_backgrounds,0.005,0.009981585575518537,0.0012099158843503766,0.0005448874861585195
stackexchange,arxiv,0.005,0.0015746244968335432,0.0001906711063579536,0.00017850715487908273
stackexchange,freelaw,0.005,0.0014785751299433159,0.00017903839055000148,0.00016602417298723266
stackexchange,nih_exporter,0.005,0.0001786010553752604,2.1623080515897897e-05,-9.456300648875124e-05
stackexchange,pubmed_central,0.005,0.0012446932793723775,0.00015071367448937778,0.00013772110488251477
stackexchange,wikipedia_en,0.005,0.0009806036736446089,0.00011873254221494989,0.000102570207843395
stackexchange,dm_mathematics,0.005,-0.006705518456462833,-0.0008111466688198732,-0.0009268744246811617
stackexchange,github,0.005,0.0014626819909775435,0.00017711356962291092,0.00016458319648574263
stackexchange,philpapers,0.005,-0.0015553549006819267,-0.0001882654900811076,-0.00038384753477146603
stackexchange,enron_emails,0.005,-0.005173908289583196,-0.0006259898460507785,-0.0012762385159082602
stackexchange,gutenberg_pg_19,0.005,0.0014560933655287656,0.00017631562220632446,0.00015879334020924872
stackexchange,pile_cc,0.005,0.0009031719587992981,0.00010935598906947064,9.572319359823662e-05
stackexchange,ubuntu_irc,0.005,-0.007245656106197984,-0.0008764274902706148,-0.0010291464540015775
stackexchange,europarl,0.005,0.002841380862689924,0.0003441159417914008,0.0003347154001799859
stackexchange,hackernews,0.005,-0.004060542706660009,-0.0004913510838946422,-0.0006568990848420816
stackexchange,pubmed_abstracts,0.005,0.0012264826750723046,0.000148508312029616,0.00013245994903983367
stackexchange,uspto_backgrounds,0.005,0.0014480700297170301,0.00017534391897822132,0.00016103995138705345
gutenberg_pg_19,arxiv,0.005,0.00027431151953294375,3.3211056155835195e-05,1.9713814669834016e-05
gutenberg_pg_19,freelaw,0.005,0.00017826215264360457,2.158204894886495e-05,7.230832777983934e-06
gutenberg_pg_19,nih_exporter,0.005,-0.001121711921924451,-0.0001357830758510481,-0.00025335634669799994
gutenberg_pg_19,pubmed_central,0.005,-5.561969792733379e-05,-6.733636970235324e-06,-2.107223532673395e-05
gutenberg_pg_19,wikipedia_en,0.005,-0.0003197093036551024,-3.870457340937605e-05,-5.622313236585372e-05
gutenberg_pg_19,dm_mathematics,0.005,-0.008005831433762545,-0.0009682873316663176,-0.0010856677648904104
gutenberg_pg_19,github,0.005,0.000162369013676944,1.9657841670017717e-05,5.789856276493916e-06
gutenberg_pg_19,philpapers,0.005,-0.002855667877981638,-0.00034560473232714273,-0.0005426408749807147
gutenberg_pg_19,stackexchange,0.005,-0.0011609261839371499,-0.00014052928130858788,-0.00015879334020924872
gutenberg_pg_19,enron_emails,0.005,-0.006474221266882907,-0.0007831895383425547,-0.0014350318561175087
gutenberg_pg_19,pile_cc,0.005,-0.00039714101850041317,-4.8078137235840757e-05,-6.30701466110121e-05
gutenberg_pg_19,ubuntu_irc,0.005,-0.008545969083497695,-0.0010335473410796325,-0.0011879397942108263
gutenberg_pg_19,europarl,0.005,0.0015410678853893245,0.00018660697217365296,0.00017592205997073718
gutenberg_pg_19,hackernews,0.005,-0.005360855683960608,-0.000648593700079303,-0.0008156924250513302
gutenberg_pg_19,pubmed_abstracts,0.005,-7.38303022282949e-05,-8.93829634307508e-06,-2.6333391169415036e-05
gutenberg_pg_19,uspto_backgrounds,0.005,0.00014775705241643067,1.7888755203365747e-05,2.246611177804739e-06
pile_cc,arxiv,0.005,0.0007547549865520864,9.138401085051484e-05,8.278396128084611e-05
pile_cc,freelaw,0.005,0.000658705619661859,7.975363351642173e-05,7.030097938899602e-05
pile_cc,nih_exporter,0.005,-0.0006412684549061964,-7.763003200755847e-05,-0.00019028620008698785
pile_cc,pubmed_central,0.005,0.0004248237690909207,5.1434611449518997e-05,4.199791128427815e-05
pile_cc,wikipedia_en,0.005,0.00016073416336315205,1.9459908201735487e-05,6.847014245158386e-06
pile_cc,dm_mathematics,0.005,-0.00752538796674429,-0.0009102323732896878,-0.0010225976182793983
pile_cc,github,0.005,0.0006428124806951985,7.782919952781242e-05,6.886000288750602e-05
pile_cc,philpapers,0.005,-0.0023752244109633835,-0.00028747640962478727,-0.00047957072836970257
pile_cc,stackexchange,0.005,-0.0006804827169188954,-8.237679666178721e-05,-9.572319359823662e-05
pile_cc,enron_emails,0.005,-0.005993777799863764,-0.000725112771784886,-0.0013719617095064968
pile_cc,gutenberg_pg_19,0.005,0.0006362238552473087,7.70314125189131e-05,6.30701466110121e-05
pile_cc,ubuntu_irc,0.005,-0.008065525616479441,-0.0009755000716227258,-0.0011248696475998142
pile_cc,europarl,0.005,0.002021511352408467,0.0002447979999411487,0.0002389922065817493
pile_cc,hackernews,0.005,-0.004880412216941465,-0.0005905010754694295,-0.0007526222784403182
pile_cc,pubmed_abstracts,0.005,0.00040661316478995957,4.922969232401542e-05,3.673675544159706e-05
pile_cc,uspto_backgrounds,0.005,0.0006282005194346851,7.605990462788981e-05,6.531675778881684e-05
ubuntu_irc,arxiv,0.005,0.011646356166941096,0.0014119990241465707,0.0012076536088806602
ubuntu_irc,freelaw,0.005,0.011550306800051757,0.0014003375428335296,0.0011951706269888102
ubuntu_irc,nih_exporter,0.005,0.010250332725483702,0.0012425329745244795,0.0009345834475128264
ubuntu_irc,pubmed_central,0.005,0.011316424949480819,0.001371942785110214,0.0011668675588840923
ubuntu_irc,wikipedia_en,0.005,0.011052335343752162,0.0013398825695465355,0.0011317166618449723
ubuntu_irc,dm_mathematics,0.005,0.003366213213645608,0.0004077039431775731,0.00010227202932041585
ubuntu_irc,github,0.005,0.011534413661085097,0.001398407962188486,0.00119372965048732
ubuntu_irc,philpapers,0.005,0.008516376769426515,0.0010321253892082716,0.0006452989192301115
ubuntu_irc,stackexchange,0.005,0.010211118463470115,0.001237773515245788,0.0010291464540015775
ubuntu_irc,enron_emails,0.005,0.004897823380525246,0.0005933186237334631,-0.0002470920619066825
ubuntu_irc,gutenberg_pg_19,0.005,0.011527825035637207,0.001397608041598719,0.0011879397942108263
ubuntu_irc,pile_cc,0.005,0.01097490362890774,0.0013304828299598448,0.0011248696475998142
ubuntu_irc,europarl,0.005,0.012913112532797477,0.0015658232996229593,0.0013638618541815634
ubuntu_irc,hackernews,0.005,0.006011188963447545,0.0007282903220713344,0.000372247369159496
ubuntu_irc,pubmed_abstracts,0.005,0.011298214345179858,0.0013697319692060894,0.0011616064030414114
ubuntu_irc,uspto_backgrounds,0.005,0.011519801699824583,0.0013966339355322432,0.0011901864053886308
europarl,arxiv,0.005,-0.0012544194047743318,-0.00015184482805619126,-0.00015620824530090317
europarl,freelaw,0.005,-0.001350468771663671,-0.00016346947670697887,-0.00016869122719275325
europarl,nih_exporter,0.005,-0.0026504428462317264,-0.0003207756210041879,-0.0004292784066687371
europarl,pubmed_central,0.005,-0.0015843506222346093,-0.00019177454989716125,-0.00019699429529747116
europarl,wikipedia_en,0.005,-0.0018484402279632661,-0.00022373350361881705,-0.00023214519233659092
europarl,dm_mathematics,0.005,-0.00953456235806982,-0.0011529678539403676,-0.0012615898248611477
europarl,github,0.005,-0.0013663619106303315,-0.00016539296279249882,-0.00017013220369424328
europarl,philpapers,0.005,-0.0043843988022889135,-0.0005305186362520864,-0.0007185629349514519
europarl,stackexchange,0.005,-0.0026896571082453136,-0.00032552004758246156,-0.0003347154001799859
europarl,enron_emails,0.005,-0.008002952191190182,-0.0009679394353332427,-0.0016109539160882459
europarl,gutenberg_pg_19,0.005,-0.0013729505360782213,-0.00016619035684195538,-0.00017592205997073718
europarl,pile_cc,0.005,-0.0019258719428076887,-0.00023310355423022955,-0.0002389922065817493
europarl,ubuntu_irc,0.005,-0.010074700007805859,-0.0012182034038801248,-0.0013638618541815634
europarl,hackernews,0.005,-0.006889586608266995,-0.0008333940436351384,-0.0009916144850220673
europarl,pubmed_abstracts,0.005,-0.0016025612265355704,-0.0001939783829634223,-0.00020225545114015223
europarl,uspto_backgrounds,0.005,-0.0013809738718908449,-0.00016716138620509469,-0.00017367544879293246
hackernews,arxiv,0.005,0.009168646143958625,0.0011112647827355993,0.0008354062397211642
hackernews,freelaw,0.005,0.009072596777069286,0.001099610384510008,0.0008229232578293141
hackernews,nih_exporter,0.005,0.007772622702501231,0.0009419016653913204,0.0005623360783533302
hackernews,pubmed_central,0.005,0.008838714926498348,0.0010712328735276166,0.0007946201897245963
hackernews,wikipedia_en,0.005,0.00857462532077058,0.0010391921310741736,0.0007594692926854766
hackernews,dm_mathematics,0.005,0.0008885031906631369,0.00010757970229757774,-0.00026997533983908015
hackernews,github,0.005,0.009056703638102626,0.0010976819758767853,0.000821482281327824
hackernews,philpapers,0.005,0.0060386667464440436,0.000731621879903166,0.00027305155007061553
hackernews,stackexchange,0.005,0.007733408440488532,0.000937145096969072,0.0006568990848420816
hackernews,enron_emails,0.005,0.0024201133575427747,0.0002930816420305682,-0.0006193394310661785
hackernews,gutenberg_pg_19,0.005,0.009050115012654736,0.0010968825411521443,0.0008156924250513302
hackernews,pile_cc,0.005,0.008497193605925268,0.0010297981008120516,0.0007526222784403182
hackernews,ubuntu_irc,0.005,0.0003483655409279862,4.217720280852433e-05,-0.000372247369159496
hackernews,europarl,0.005,0.010435402509815006,0.001264995626618859,0.0009916144850220673
hackernews,pubmed_abstracts,0.005,0.008820504322197387,0.0010690234004551158,0.0007893590338819153
hackernews,uspto_backgrounds,0.005,0.009042091676842112,0.0010959090267497196,0.0008179390362291349
pubmed_abstracts,arxiv,0.005,0.0004751820842310295,5.753198986946373e-05,4.604720583924905e-05
pubmed_abstracts,freelaw,0.005,0.0003791327173408021,4.5902409840259395e-05,3.356422394739897e-05
pubmed_abstracts,nih_exporter,0.005,-0.0009208413572263652,-0.00011147046646042824,-0.00022702295552858492
pubmed_abstracts,pubmed_central,0.005,0.00014525086676986376,1.7585329145308748e-05,5.261155842681083e-06
pubmed_abstracts,wikipedia_en,0.005,-0.00011883873895790487,-1.4387182120323416e-05,-2.988974119643868e-05
pubmed_abstracts,dm_mathematics,0.005,-0.007804960869065347,-0.0009440157298223895,-0.0010593343737209954
pubmed_abstracts,github,0.005,0.00036323957837502974,4.3978107778563924e-05,3.212324744590895e-05
pubmed_abstracts,philpapers,0.005,-0.0026547973132844405,-0.0003213024583450519,-0.0005163074838112996
pubmed_abstracts,stackexchange,0.005,-0.0009600556192399523,-0.00011621690570740029,-0.00013245994903983367
pubmed_abstracts,enron_emails,0.005,-0.006273350702185709,-0.0007589088189403626,-0.0014086984649480938
pubmed_abstracts,gutenberg_pg_19,0.005,0.0003566509529262518,4.3180375460583065e-05,2.6333391169415036e-05
pubmed_abstracts,pile_cc,0.005,-0.00019627045380321562,-2.3761207670336404e-05,-3.673675544159706e-05
pubmed_abstracts,ubuntu_irc,0.005,-0.008345098518800498,-0.0010092789538171942,-0.0011616064030414114
pubmed_abstracts,europarl,0.005,0.0017419384500874102,0.00021093546187289647,0.00020225545114015223
pubmed_abstracts,hackernews,0.005,-0.005159985119262522,-0.0006243063507462843,-0.0007893590338819153
pubmed_abstracts,uspto_backgrounds,0.005,0.0003486276171145164,4.220893417006266e-05,2.8580002347219774e-05
uspto_backgrounds,arxiv,0.005,0.00022250444627225363,2.6938572370571734e-05,1.746720349202928e-05
uspto_backgrounds,freelaw,0.005,0.00012645507938202627,1.5309712896982575e-05,4.984221600179195e-06
uspto_backgrounds,nih_exporter,0.005,-0.0011735189951860292,-0.00014205341275363992,-0.0002556029578758047
uspto_backgrounds,pubmed_central,0.005,-0.00010742677118891208,-1.3005613302752295e-05,-2.331884650453869e-05
uspto_backgrounds,wikipedia_en,0.005,-0.0003715163769166807,-4.497614358678348e-05,-5.846974354365845e-05
uspto_backgrounds,dm_mathematics,0.005,-0.008057638507024123,-0.0009745470925288657,-0.0010879143760682151
uspto_backgrounds,github,0.005,0.00011056194041625389,1.3385530063025897e-05,3.5432450986891775e-06
uspto_backgrounds,philpapers,0.005,-0.0029074749512432163,-0.0003518724036792875,-0.0005448874861585195
uspto_backgrounds,stackexchange,0.005,-0.0012127332571987282,-0.0001467995579162995,-0.00016103995138705345
uspto_backgrounds,enron_emails,0.005,-0.006526028340143597,-0.0007894516506667948,-0.0014372784672953135
uspto_backgrounds,gutenberg_pg_19,0.005,0.00010397331496747597,1.2587847171730004e-05,-2.246611177804739e-06
uspto_backgrounds,pile_cc,0.005,-0.00044894809176199146,-5.434958833250292e-05,-6.531675778881684e-05
uspto_backgrounds,ubuntu_irc,0.005,-0.008597776156758385,-0.0010398062728862456,-0.0011901864053886308
uspto_backgrounds,europarl,0.005,0.0014892608121286344,0.00018033253966409646,0.00017367544879293246
uspto_backgrounds,hackernews,0.005,-0.005412662757221298,-0.0006548575222935504,-0.0008179390362291349
uspto_backgrounds,pubmed_abstracts,0.005,-0.0001256373754898732,-1.5210244667773765e-05,-2.8580002347219774e-05
arxiv,freelaw,0.01,5.34134720950874e-05,6.46662517045371e-06,-2.496596378370016e-05
arxiv,nih_exporter,0.01,-0.001653197335294898,-0.0002001062734491299,-0.0005461403227356679
arxiv,pubmed_central,0.01,-0.0004139272718157727,-5.011018830858305e-05,-8.157209999313592e-05
arxiv,wikipedia_en,0.01,-0.0008955276897770759,-0.00010840651143295688,-0.00015187389407137546
arxiv,dm_mathematics,0.01,-0.014965755430289107,-0.0018085312724389624,-0.002210763159120489
arxiv,github,0.01,1.460619514848105e-05,1.7683242834465318e-06,-2.7847916786680198e-05
arxiv,philpapers,0.01,-0.004454332674221462,-0.0005389761159131368,-0.0011247093793010975
arxiv,stackexchange,0.01,-0.002564497907353136,-0.0003103772177524,-0.00035701430975816547
arxiv,enron_emails,0.01,-0.009348948462390538,-0.0011305481946699558,-0.0029094913415746854
arxiv,gutenberg_pg_19,0.01,7.005530707182572e-05,8.481424603967724e-06,-3.942762933966803e-05
arxiv,pile_cc,0.01,-0.0010866015980468546,-0.00013153354211414836,-0.00016556792256169222
arxiv,ubuntu_irc,0.01,-0.015650799990349462,-0.0018911564834223071,-0.0024153072177613205
arxiv,europarl,0.01,0.002719437675139602,0.0003293426362187546,0.00031241649060180634
arxiv,hackernews,0.01,-0.009350671727298199,-0.0011307563465599024,-0.0016708124794423283
arxiv,pubmed_abstracts,0.01,-0.0004067626725179352,-4.92428825293878e-05,-9.20944116784981e-05
arxiv,uspto_backgrounds,0.01,1.0928707284030281e-05,1.3231022566451145e-06,-3.493440698405856e-05
freelaw,arxiv,0.01,0.0004722073857426068,5.717181166087215e-05,2.496596378370016e-05
freelaw,nih_exporter,0.01,-0.001413746452092468,-0.0001711276889051483,-0.0005211743589519679
freelaw,pubmed_central,0.01,-0.0001744763886133427,-2.112279612687118e-05,-5.660613620943577e-05
freelaw,wikipedia_en,0.01,-0.0006560768065737577,-7.942254235970836e-05,-0.00012690793028767529
freelaw,dm_mathematics,0.01,-0.014726304547085789,-0.001779647133191009,-0.0021857971953367886
freelaw,github,0.01,0.00025405707835179925,3.075876272573552e-05,-2.8819530029800346e-06
freelaw,philpapers,0.01,-0.0042148817910181435,-0.0005100174295074034,-0.0010997434155173972
freelaw,stackexchange,0.01,-0.002325047024149818,-0.00028140510822094456,-0.0003320483459744653
freelaw,enron_emails,0.01,-0.00910949757918722,-0.0011016242448542712,-0.0028845253777909853
freelaw,gutenberg_pg_19,0.01,0.0003095061902751439,3.747225723360614e-05,-1.4461665555967868e-05
freelaw,pile_cc,0.01,-0.0008471507148435364,-0.00010255093103994639,-0.00014060195877799205
freelaw,ubuntu_irc,0.01,-0.015411349107147032,-0.0018622771958547446,-0.0023903412539776204
freelaw,europarl,0.01,0.002958888558342032,0.0003583523095351815,0.0003373824543855065
freelaw,hackernews,0.01,-0.00911122084409488,-0.0011018324089668852,-0.0016458465156586283
freelaw,pubmed_abstracts,0.01,-0.000167311789314617,-2.0255439419969434e-05,-6.712844789479794e-05
freelaw,uspto_backgrounds,0.01,0.0002503795904864603,3.031351455584641e-05,-9.96844320035839e-06
pubmed_central,arxiv,0.01,0.0009368839289809472,0.00011343830064225457,8.157209999313592e-05
pubmed_central,freelaw,0.01,0.000757540898536746,9.172135404478254e-05,5.660613620943577e-05
pubmed_central,nih_exporter,0.01,-0.0009490699088532395,-0.0001148872153398095,-0.000464568222742532
pubmed_central,wikipedia_en,0.01,-0.00019140026333541726,-2.317161871712159e-05,-7.030179407823951e-05
pubmed_central,dm_mathematics,0.01,-0.014261628003847449,-0.0017235899552661138,-0.0021291910591273526
pubmed_central,github,0.01,0.0007187336215901396,8.702224186096785e-05,5.372418320645573e-05
pubmed_central,philpapers,0.01,-0.003750205247779803,-0.00045381557344992274,-0.0010431372793079615
pubmed_central,stackexchange,0.01,-0.0018603704809114774,-0.00022517720110037942,-0.00027544220976502955
pubmed_central,enron_emails,0.01,-0.00864482103594888,-0.0010454898041771798,-0.00282791924158155
pubmed_central,gutenberg_pg_19,0.01,0.0007741827335134843,9.373650139155032e-05,4.21444706534679e-05
pubmed_central,pile_cc,0.01,-0.00038247417160519603,-4.6302642946471906e-05,-8.39958225685563e-05
pubmed_central,ubuntu_irc,0.01,-0.014946672563907804,-0.0018062294338743179,-0.0023337351177681845
pubmed_central,europarl,0.01,0.0034235651015812607,0.0004146531189426206,0.0003939885905949423
pubmed_central,hackernews,0.01,-0.00864654430085654,-0.0010456979920103748,-0.0015892403794491926
pubmed_central,pubmed_abstracts,0.01,0.0002973647539237234,3.600222649291496e-05,-1.0522311685362167e-05
pubmed_central,uspto_backgrounds,0.01,0.0007150561337256889,8.657694295344243e-05,4.663769300907738e-05
wikipedia_en,arxiv,0.01,0.0016451585436181304,0.00019921378921106125,0.00015187389407137546
wikipedia_en,freelaw,0.01,0.0014658155131739292,0.00017749307046788232,0.00012690793028767529
wikipedia_en,nih_exporter,0.01,-0.00024079529421605628,-2.915138599091094e-05,-0.0003942664286642925
wikipedia_en,pubmed_central,0.01,0.000998474769263069,0.00012089665851000575,7.030179407823951e-05
wikipedia_en,dm_mathematics,0.01,-0.013553353389210265,-0.0016381335510842199,-0.0020588892650491132
wikipedia_en,github,0.01,0.0014270082362273229,0.00017279314206675167,0.00012402597728469525
wikipedia_en,philpapers,0.01,-0.00304193063314262,-0.0003681386145877319,-0.000972835485229722
wikipedia_en,stackexchange,0.01,-0.0011520958662742942,-0.00013946052867641612,-0.00020514041568679
wikipedia_en,enron_emails,0.01,-0.007936546421311697,-0.0009599156167383605,-0.00275761744750331
wikipedia_en,gutenberg_pg_19,0.01,0.0014824573481515557,0.0001795085678373276,0.00011244626473170744
wikipedia_en,pile_cc,0.01,0.0003258004430319872,3.944509926556705e-05,-1.3694028490316771e-05
wikipedia_en,ubuntu_irc,0.01,-0.01423839794927062,-0.0017207873838360754,-0.0022634333236899447
wikipedia_en,europarl,0.01,0.004131839716217556,0.0005004809273083666,0.00046429038467318183
wikipedia_en,hackernews,0.01,-0.007938269686219357,-0.0009601238407332957,-0.0015189385853709532
wikipedia_en,pubmed_abstracts,0.01,0.0010056393685609066,0.00012176426472843005,5.977948239287736e-05
wikipedia_en,uspto_backgrounds,0.01,0.001423330748362872,0.00017234776581309674,0.0001169394870873169
dm_mathematics,arxiv,0.01,0.023722278341606007,0.002880343025761345,0.002210763159120489
dm_mathematics,freelaw,0.01,0.023542935311162694,0.002858504399084083,0.0021857971953367886
dm_mathematics,nih_exporter,0.01,0.02183632450377182,0.002650738201618541,0.0016646228363848207
dm_mathematics,pubmed_central,0.01,0.023075594567250945,0.0028016007612894356,0.0021291910591273526
dm_mathematics,wikipedia_en,0.01,0.022593994149289642,0.0027429676808479186,0.0020588892650491132
dm_mathematics,github,0.01,0.0235041280342152,0.0028537789577685047,0.0021829152423338085
dm_mathematics,philpapers,0.01,0.019035189164845256,0.002309910827481332,0.0010860537798193914
dm_mathematics,stackexchange,0.01,0.020925023931713582,0.0025398302609263013,0.0018537488493623234
dm_mathematics,enron_emails,0.01,0.01414057337667618,0.0017149214452767403,-0.0006987281824541967
dm_mathematics,gutenberg_pg_19,0.01,0.023559577146139432,0.002860530837303976,0.0021713355297808207
dm_mathematics,pile_cc,0.01,0.022402920241019864,0.0027197070534596968,0.0020451952365587965
dm_mathematics,ubuntu_irc,0.01,0.007838721848717256,0.0009499193904543013,-0.0002045440586408317
dm_mathematics,europarl,0.01,0.02620895951420632,0.003183245551076741,0.0025231796497222955
dm_mathematics,hackernews,0.01,0.01413885011176852,0.0017147120909668523,0.0005399506796781603
dm_mathematics,pubmed_abstracts,0.01,0.023082759166548783,0.0028024730771885054,0.002118668747441991
dm_mathematics,uspto_backgrounds,0.01,0.02350045054635075,0.002853331163851003,0.0021758287521364303
github,arxiv,0.01,0.0004764592901729259,5.768663478233904e-05,2.7847916786680198e-05
github,freelaw,0.01,0.00029711625972961286,3.597213997430515e-05,2.8819530029800346e-06
github,nih_exporter,0.01,-0.0014094945476612608,-0.00017061310381771833,-0.0005182924059489878
github,pubmed_central,0.01,-0.00017022448418213543,-2.0608054638326934e-05,-5.372418320645573e-05
github,wikipedia_en,0.01,-0.0006518249021425504,-7.890786165720698e-05,-0.00012402597728469525
github,dm_mathematics,0.01,-0.01472205264265547,-0.0017791342252091447,-0.0021829152423338085
github,philpapers,0.01,-0.0042106298865878244,-0.0005095031977595532,-0.0010968614625144174
github,stackexchange,0.01,-0.0023207951197186105,-0.0002808906381126519,-0.00032916639297148525
github,enron_emails,0.01,-0.009105245674756901,-0.0011011106299392281,-0.0028816434247880053
github,gutenberg_pg_19,0.01,0.0003137580947063512,3.798705981550299e-05,-1.1579712552987833e-05
github,pile_cc,0.01,-0.0008428988104132173,-0.0001020362744514891,-0.00013772000577501204
github,ubuntu_irc,0.01,-0.015407097202715825,-0.0018617643740257428,-0.00238745930097464
github,europarl,0.01,0.0029631404627732394,0.0003588674466796782,0.00034026440738848656
github,hackernews,0.01,-0.009106968939663673,-0.0011013187942685576,-0.001642964562655648
github,pubmed_abstracts,0.01,-0.00016305988488340972,-1.9740697027259557e-05,-6.42464948918179e-05
github,uspto_backgrounds,0.01,0.00025463149491766757,3.0828309673935905e-05,-7.086490197378355e-06
stackexchange,arxiv,0.01,0.003356889088374615,0.0004065741729468719,0.00035701430975816547
stackexchange,freelaw,0.01,0.0031775460579304138,0.00038484433512264715,0.0003320483459744653
stackexchange,nih_exporter,0.01,0.00147093525053954,0.00017811312244120359,-0.00018912601297750247
stackexchange,pubmed_central,0.01,0.0027102053140186655,0.00032822416210676053,0.00027544220976502955
stackexchange,wikipedia_en,0.01,0.0022286048960582505,0.00026988316164189285,0.00020514041568679
stackexchange,dm_mathematics,0.01,-0.01184162284445378,-0.0014315445469348376,-0.0018537488493623234
stackexchange,github,0.01,0.0031387387809838074,0.0003801424335350134,0.00032916639297148525
stackexchange,philpapers,0.01,-0.0013302000883861353,-0.00016101642428045793,-0.0007676950695429321
stackexchange,enron_emails,0.01,-0.006224815876555212,-0.0007530418741197309,-0.0025524770318165204
stackexchange,gutenberg_pg_19,0.01,0.003194187892907152,0.00038686067866500196,0.00031758668041849744
stackexchange,pile_cc,0.01,0.0020375309877884717,0.0002467384067861289,0.00019144638719647324
stackexchange,ubuntu_irc,0.01,-0.012526667404515024,-0.0015142330805173465,-0.002058292908003155
stackexchange,europarl,0.01,0.0058435702609749285,0.0007079677930192929,0.0006694308003599718
stackexchange,hackernews,0.01,-0.006226539141462872,-0.0007532501855336271,-0.0013137981696841631
stackexchange,pubmed_abstracts,0.01,0.002717369913317391,0.00032909213257514836,0.00026491989807966734
stackexchange,uspto_backgrounds,0.01,0.0031350612931193567,0.0003796968702975967,0.0003220799027741069
gutenberg_pg_19,arxiv,0.01,0.0007963257077179264,9.641779032154574e-05,3.942762933966803e-05
gutenberg_pg_19,freelaw,0.01,0.0006169826772737252,7.470159223466055e-05,1.4461665555967868e-05
gutenberg_pg_19,nih_exporter,0.01,-0.0010896281301171484,-0.00013189985604444843,-0.0005067126933959999
gutenberg_pg_19,pubmed_central,0.01,0.00014964193336197695,1.811695948816805e-05,-4.21444706534679e-05
gutenberg_pg_19,wikipedia_en,0.01,-0.000331958484598438,-4.0187420550896746e-05,-0.00011244626473170744
gutenberg_pg_19,dm_mathematics,0.01,-0.01440218622511047,-0.0017405471493736613,-0.0021713355297808207
gutenberg_pg_19,github,0.01,0.0005781754003271189,7.000264201328932e-05,1.1579712552987833e-05
gutenberg_pg_19,philpapers,0.01,-0.003890763469042824,-0.00047081653242875277,-0.0010852817499614293
gutenberg_pg_19,stackexchange,0.01,-0.002000928702174498,-0.00024218604047820946,-0.00031758668041849744
gutenberg_pg_19,enron_emails,0.01,-0.0087853792572119,-0.0010624703701265226,-0.0028700637122350174
gutenberg_pg_19,pile_cc,0.01,-0.0005230323928682168,-6.331764753175761e-05,-0.0001261402932220242
gutenberg_pg_19,ubuntu_irc,0.01,-0.015087230785171712,-0.00182318377967583,-0.0023758795884216526
gutenberg_pg_19,europarl,0.01,0.00328300688031824,0.0003976222267558782,0.00035184411994147437
gutenberg_pg_19,hackernews,0.01,-0.008787102522119561,-0.001062678550784124,-0.0016313848501026604
gutenberg_pg_19,pubmed_abstracts,0.01,0.00015680653266070266,1.8984385134590553e-05,-5.266678233883007e-05
gutenberg_pg_19,uspto_backgrounds,0.01,0.0005744979124626681,6.955735845437516e-05,4.493222355609478e-06
pile_cc,arxiv,0.01,0.0016534328416470956,0.00020021593484287337,0.00016556792256169222
pile_cc,freelaw,0.01,0.0014740898112028944,0.00017849517202828125,0.00014060195877799205
pile_cc,nih_exporter,0.01,-0.0002325209961870911,-2.814970371201042e-05,-0.0003805724001739757
pile_cc,pubmed_central,0.01,0.0010067490672920343,0.00012189864523648453,8.39958225685563e-05
pile_cc,wikipedia_en,0.01,0.0005251486493307311,6.35820096630546e-05,1.3694028490316771e-05
pile_cc,dm_mathematics,0.01,-0.0135450790911813,-0.0016371351334290019,-0.0020451952365587965
pile_cc,github,0.01,0.001435282534256288,0.000173795234091223,0.00013772000577501204
pile_cc,philpapers,0.01,-0.0030336563351136547,-0.0003671376201133114,-0.0009591414567394051
pile_cc,stackexchange,0.01,-0.001143821568245329,-0.00013845907021403647,-0.00019144638719647324
pile_cc,enron_emails,0.01,-0.00792827212328362,-0.000958915822979467,-0.0027439234190129937
pile_cc,gutenberg_pg_19,0.01,0.001490731646180521,0.00018051067348734406,0.0001261402932220242
pile_cc,ubuntu_irc,0.01,-0.014230123651241655,-0.0017197891338853744,-0.0022497392951996284
pile_cc,europarl,0.01,0.004140114014246521,0.0005014836842112125,0.0004779844131634986
pile_cc,hackernews,0.01,-0.007929995388190392,-0.000959124047396287,-0.0015052445568806364
pile_cc,pubmed_abstracts,0.01,0.0010139136665898718,0.00012276625321527845,7.347351088319413e-05
pile_cc,uspto_backgrounds,0.01,0.0014316050463918373,0.00017334985693384652,0.00013063351557763368
ubuntu_irc,arxiv,0.01,0.028391131988530383,0.003449208088416089,0.0024153072177613205
ubuntu_irc,freelaw,0.01,0.02821178895808618,0.003427344444778324,0.0023903412539776204
ubuntu_irc,nih_exporter,0.01,0.026505178150696196,0.0032193402433930984,0.0018691668950256528
ubuntu_irc,pubmed_central,0.01,0.02774444821417532,0.0033703756217464687,0.0023337351177681845
ubuntu_irc,wikipedia_en,0.01,0.027262847796214018,0.0033116753749267147,0.0022634333236899447
ubuntu_irc,dm_mathematics,0.01,0.013192620055701987,0.001599770785645216,0.0002045440586408317
ubuntu_irc,github,0.01,0.028172981681139575,0.0034226135902937216,0.00238745930097464
ubuntu_irc,philpapers,0.01,0.023704042811769632,0.002878122438800368,0.001290597838460223
ubuntu_irc,stackexchange,0.01,0.025593877578637958,0.0031083052535221256,0.002058292908003155
ubuntu_irc,enron_emails,0.01,0.018809427023600556,0.0022824514740915625,-0.000494184123813365
ubuntu_irc,gutenberg_pg_19,0.01,0.028228430793063808,0.0034293732043586544,0.0023758795884216526
ubuntu_irc,pile_cc,0.01,0.02707177388794424,0.003288388101623241,0.0022497392951996284
ubuntu_irc,europarl,0.01,0.030877813161129808,0.0037524575998593157,0.002727723708363127
ubuntu_irc,hackernews,0.01,0.018807703758692895,0.002282241879958402,0.000744494738318992
ubuntu_irc,pubmed_abstracts,0.01,0.02775161281347316,0.0033712489369159826,0.0023232128060828227
ubuntu_irc,uspto_backgrounds,0.01,0.028169304193275124,0.003422165283411438,0.0023803728107772617
europarl,arxiv,0.01,-0.0024211533364573157,-0.0002930335954758334,-0.00031241649060180634
europarl,freelaw,0.01,-0.0026004963669006287,-0.0003147326666717021,-0.0003373824543855065
europarl,nih_exporter,0.01,-0.004307107174291502,-0.0005211711748049908,-0.0008585568133374742
europarl,pubmed_central,0.01,-0.003067837110812377,-0.0003712726728757332,-0.0003939885905949423
europarl,wikipedia_en,0.01,-0.00354943752877368,-0.0004295310700612731,-0.00046429038467318183
europarl,dm_mathematics,0.01,-0.017619665269284823,-0.0021285497779715,-0.0025231796497222955
europarl,github,0.01,-0.002639303643848123,-0.0003194279109770548,-0.00034026440738848656
europarl,philpapers,0.01,-0.007108242513218066,-0.0008598205581318297,-0.0014371258699029039
europarl,stackexchange,0.01,-0.00521840774634974,-0.0006313703799500914,-0.0006694308003599718
europarl,enron_emails,0.01,-0.012002858301387143,-0.0014510077768221663,-0.0032219078321764918
europarl,gutenberg_pg_19,0.01,-0.0025838545319238904,-0.0003127191780096794,-0.00035184411994147437
europarl,pile_cc,0.01,-0.003740511437043459,-0.0004526430549498528,-0.0004779844131634986
europarl,ubuntu_irc,0.01,-0.018304709829346066,-0.002211121235329294,-0.002727723708363127
europarl,hackernews,0.01,-0.012004581566294803,-0.0014512157932937697,-0.0019832289700441345
europarl,pubmed_abstracts,0.01,-0.0030606725115145395,-0.00037040593134118893,-0.00040451090228030447
europarl,uspto_backgrounds,0.01,-0.002642981131712574,-0.0003198728433551068,-0.0003473508975858649
hackernews,arxiv,0.01,0.029978884026484742,0.0036428123052010264,0.0016708124794423283
hackernews,freelaw,0.01,0.02979954099604143,0.0036209401474374125,0.0016458465156586283
hackernews,nih_exporter,0.01,0.028092930188650556,0.0034128549451861723,0.0011246721567066604
hackernews,pubmed_central,0.01,0.02933220025212968,0.0035639491396421974,0.0015892403794491926
hackernews,wikipedia_en,0.01,0.028850599834168378,0.0035052260338090946,0.0015189385853709532
hackernews,dm_mathematics,0.01,0.014780372093656347,0.0017926547957163308,-0.0005399506796781603
hackernews,github,0.01,0.029760733719093935,0.0036162074506660424,0.001642964562655648
hackernews,philpapers,0.01,0.025291794849723992,0.0030715042637701195,0.0005461031001412311
hackernews,stackexchange,0.01,0.027181629616592318,0.003301776716139404,0.0013137981696841631
hackernews,enron_emails,0.01,0.020397179061554915,0.0024756013332476456,-0.001238678862132357
hackernews,gutenberg_pg_19,0.01,0.029816182831018168,0.003622969697055556,0.0016313848501026604
hackernews,pile_cc,0.01,0.0286595259258986,0.0034819296919899045,0.0015052445568806364
hackernews,ubuntu_irc,0.01,0.014095327533595992,0.0017094246921862677,-0.000744494738318992
hackernews,europarl,0.01,0.03246556519908417,0.003946179907878822,0.0019832289700441345
hackernews,pubmed_abstracts,0.01,0.02933936485142752,0.0035648227948974487,0.0015787180677638306
hackernews,uspto_backgrounds,0.01,0.029757056231229484,0.003615758969204297,0.0016358780724582698
pubmed_abstracts,arxiv,0.01,0.0011519698316302396,0.00013948467081448257,9.20944116784981e-05
pubmed_abstracts,freelaw,0.01,0.0009726268011860384,0.0001177665787768234,6.712844789479794e-05
pubmed_abstracts,nih_exporter,0.01,-0.0007339840062048353,-8.885288798721191e-05,-0.00045404591105716984
pubmed_abstracts,pubmed_central,0.01,0.0005052860572742901,6.117701107255513e-05,1.0522311685362167e-05
pubmed_abstracts,wikipedia_en,0.01,2.368563931387513e-05,2.8675460908011985e-06,-5.977948239287736e-05
pubmed_abstracts,dm_mathematics,0.01,-0.014046542101198156,-0.0016976404774604603,-0.002118668747441991
pubmed_abstracts,github,0.01,0.000933819524239432,0.0001130672187423798,6.42464948918179e-05
pubmed_abstracts,philpapers,0.01,-0.0035351193451305107,-0.000427799122561634,-0.0010326149676225993
pubmed_abstracts,stackexchange,0.01,-0.001645284578262185,-0.0001991486908914375,-0.00026491989807966734
pubmed_abstracts,enron_emails,0.01,-0.008429735133299587,-0.0010195045606025133,-0.0028173969298961876
pubmed_abstracts,gutenberg_pg_19,0.01,0.0009892686361627767,0.00011978183241057039,5.266678233883007e-05
pubmed_abstracts,pile_cc,0.01,-0.00016738826895590364,-2.0264698163519057e-05,-7.347351088319413e-05
pubmed_abstracts,ubuntu_irc,0.01,-0.0147315866612594,-0.0017802843148118086,-0.0023232128060828227
pubmed_abstracts,europarl,0.01,0.003638651004230553,0.0004407153764134364,0.00040451090228030447
pubmed_abstracts,hackernews,0.01,-0.008431458398207248,-0.001019712759416258,-0.0015787180677638306
pubmed_abstracts,uspto_backgrounds,0.01,0.0009301420363749813,0.00011262189634830833,5.716000469443955e-05
uspto_backgrounds,arxiv,0.01,0.0006081129259518647,7.362760106088828e-05,3.493440698405856e-05
uspto_backgrounds,freelaw,0.01,0.00042876989550766353,5.1912405217624524e-05,9.96844320035839e-06
uspto_backgrounds,nih_exporter,0.01,-0.001277840911882322,-0.00015467950801584252,-0.0005112059157516095
uspto_backgrounds,pubmed_central,0.01,-3.857084840319658e-05,-4.669616041841351e-06,-4.663769300907738e-05
uspto_backgrounds,wikipedia_en,0.01,-0.0005201712663644997,-6.297130522403549e-05,-0.0001169394870873169
uspto_backgrounds,dm_mathematics,0.01,-0.014590399006876531,-0.001763252559245032,-0.0021758287521364303
uspto_backgrounds,github,0.01,0.0003899626185610572,4.721367186144576e-05,7.086490197378355e-06
uspto_backgrounds,philpapers,0.01,-0.004078976250809774,-0.0004935805427579432,-0.001089774972317039
uspto_backgrounds,stackexchange,0.01,-0.00218914148394056,-0.0002649606025348916,-0.0003220799027741069
uspto_backgrounds,enron_emails,0.01,-0.00897359203897885,-0.0010852070745173137,-0.002874556934590627
uspto_backgrounds,gutenberg_pg_19,0.01,0.00044541173048529004,5.392739010900982e-05,-4.493222355609478e-06
uspto_backgrounds,pile_cc,0.01,-0.0007112451746351667,-8.610046470147736e-05,-0.00013063351557763368
uspto_backgrounds,ubuntu_irc,0.01,-0.015275443566936886,-0.0018458853757108429,-0.0023803728107772617
uspto_backgrounds,europarl,0.01,0.00309479409855129,0.0003748181363434355,0.0003473508975858649
uspto_backgrounds,hackernews,0.01,-0.008975315303885623,-0.0010854152455670452,-0.0016358780724582698
uspto_backgrounds,pubmed_abstracts,0.01,-3.140624910535905e-05,-3.8022304287288478e-06,-5.716000469443955e-05
