mapping,Q_low,Q_high,slope,recipe,keep,z0,z_cap,exponential_delta_FLOPs_per_token,power_delta_FLOPs_per_token,logarithmic_delta_FLOPs_per_token
A1_extrema,-1.8403396705552213,1.1059445427149366,0.33941056857175156,p0,1.0,0.5925394246434592,0.5925394246434592,0.0,0.0,0.0
A1_extrema,-1.8403396705552213,1.1059445427149366,0.33941056857175156,p0,0.8,0.5925394246434592,0.6102448846024747,39223868.66476512,77037925.78605187,50489302.25008726
A1_extrema,-1.8403396705552213,1.1059445427149366,0.33941056857175156,p0,0.5,0.5925394246434592,0.6303876489704582,89219745.65336132,173221972.40161312,106420503.7017746
A1_extrema,-1.8403396705552213,1.1059445427149366,0.33941056857175156,p0,0.2,0.5925394246434592,0.6558551602243722,161727534.18842375,308761391.83654284,174969206.9710517
A1_extrema,-1.8403396705552213,1.1059445427149366,0.33941056857175156,p0,0.1,0.5925394246434592,0.6706354937242921,209178002.30778593,395017675.23819244,213700647.30459785
A1_extrema,-1.8403396705552213,1.1059445427149366,0.33941056857175156,p0,0.05,0.5925394246434592,0.6836018578215568,254414857.83400935,475533713.38085735,247071779.2269745
A1_extrema,-1.8403396705552213,1.1059445427149366,0.33941056857175156,p_star,1.0,0.5916650389363649,0.5916650389363649,0.0,0.0,0.0
A1_extrema,-1.8403396705552213,1.1059445427149366,0.33941056857175156,p_star,0.8,0.5916650389363649,0.6060230294165813,31320389.65498787,61677569.11863208,41092131.76511669
A1_extrema,-1.8403396705552213,1.1059445427149366,0.33941056857175156,p_star,0.5,0.5916650389363649,0.6223268694508405,70315580.85025167,137234220.32933116,86751947.12974167
A1_extrema,-1.8403396705552213,1.1059445427149366,0.33941056857175156,p_star,0.2,0.5916650389363649,0.6428583381406034,125172915.79175407,241211080.43040252,142807147.79886627
A1_extrema,-1.8403396705552213,1.1059445427149366,0.33941056857175156,p_star,0.1,0.5916650389363649,0.6546964997717108,160013828.57754147,305871361.1429558,174427781.44865227
A1_extrema,-1.8403396705552213,1.1059445427149366,0.33941056857175156,p_star,0.05,0.5916650389363649,0.6649538283216513,192269391.1847334,364806881.5668776,201427372.4421792
A1_q01_q99,-1.0334853946233453,0.604928805425181,0.6103462726155463,p0,1.0,0.5730756463216207,0.5730756463216207,0.0,0.0,0.0
A1_q01_q99,-1.0334853946233453,0.604928805425181,0.6103462726155463,p0,0.8,0.5730756463216207,0.6049145532136564,65547103.577917755,130208799.57164884,92437738.71341372
A1_q01_q99,-1.0334853946233453,0.604928805425181,0.6103462726155463,p0,0.5,0.5730756463216207,0.6411363515032786,157049974.835409,305550092.55758035,192653786.9989004
A1_q01_q99,-1.0334853946233453,0.604928805425181,0.6103462726155463,p0,0.2,0.5730756463216207,0.686933394983776,305190621.16430366,574057475.5716417,312571776.6170697
A1_q01_q99,-1.0334853946233453,0.604928805425181,0.6103462726155463,p0,0.1,0.5730756463216207,0.7135121827264558,411792259.8817221,756627843.0395503,379006354.4909439
A1_q01_q99,-1.0334853946233453,0.604928805425181,0.6103462726155463,p0,0.05,0.5730756463216207,0.7368289934829497,520384807.3549975,934509809.6506748,435524031.5187497
A1_q01_q99,-1.0334853946233453,0.604928805425181,0.6103462726155463,p_star,1.0,0.571503279086861,0.571503279086861,0.0,0.0,0.0
A1_q01_q99,-1.0334853946233453,0.604928805425181,0.6103462726155463,p_star,0.8,0.571503279086861,0.5973225869791461,51686117.05205053,103120715.15570104,75458453.15586567
A1_q01_q99,-1.0334853946233453,0.604928805425181,0.6103462726155463,p_star,0.5,0.571503279086861,0.6266410258129876,120954306.59102196,237593837.17542934,157827363.47150183
A1_q01_q99,-1.0334853946233453,0.604928805425181,0.6103462726155463,p_star,0.2,0.571503279086861,0.663561813043779,227440614.54802048,435993273.89985466,256950364.6261177
A1_q01_q99,-1.0334853946233453,0.604928805425181,0.6103462726155463,p_star,0.1,0.571503279086861,0.6848498296679265,300454395.4675133,566505417.4198308,311947001.0358472
A1_q01_q99,-1.0334853946233453,0.604928805425181,0.6103462726155463,p_star,0.05,0.571503279086861,0.7032951075324125,371714938.50072765,689874497.0594022,358406507.0432453
A1_balanced_q01_q99,-0.9993693303169741,0.6130312665639883,0.6201932707879209,p0,1.0,0.5611627867660474,0.5611627867660474,0.0,0.0,0.0
A1_balanced_q01_q99,-0.9993693303169741,0.6130312665639883,0.6201932707879209,p0,0.8,0.5611627867660474,0.5935153654408775,62108758.067971826,124615643.46840835,95546625.74402428
A1_balanced_q01_q99,-0.9993693303169741,0.6130312665639883,0.6201932707879209,p0,0.5,0.5611627867660474,0.6303215467235006,149099094.562472,293435700.2474531,198969658.2411356
A1_balanced_q01_q99,-0.9993693303169741,0.6130312665639883,0.6201932707879209,p0,0.2,0.5611627867660474,0.6768574550479168,290499667.24156666,553621421.5637388,322513589.9917731
A1_balanced_q01_q99,-0.9993693303169741,0.6130312665639883,0.6201932707879209,p0,0.1,0.5611627867660474,0.7038650506429072,392601310.64907634,731413037.3924477,390862649.2539706
A1_balanced_q01_q99,-0.9993693303169741,0.6130312665639883,0.6201932707879209,p0,0.05,0.5611627867660474,0.727558042271156,496860473.4636531,905186292.044559,448958327.0077257
A1_balanced_q01_q99,-0.9993693303169741,0.6130312665639883,0.6201932707879209,p_star,1.0,0.5595650518048321,0.5595650518048321,0.0,0.0,0.0
A1_balanced_q01_q99,-0.9993693303169741,0.6130312665639883,0.6201932707879209,p_star,0.8,0.5595650518048321,0.5858009145104,48952318.38516432,98604330.97989666,78013536.3256526
A1_balanced_q01_q99,-0.9993693303169741,0.6130312665639883,0.6201932707879209,p_star,0.5,0.5595650518048321,0.6155923612523205,114732682.88336766,227831599.29211307,163060143.22539043
A1_balanced_q01_q99,-0.9993693303169741,0.6130312665639883,0.6201932707879209,p_star,0.2,0.5595650518048321,0.6531088085873775,216184356.20358872,419530370.5447135,265258224.23475838
A1_balanced_q01_q99,-0.9993693303169741,0.6130312665639883,0.6201932707879209,p_star,0.1,0.5595650518048321,0.6747402746109834,285939232.5346269,546175168.6716014,321894476.5825248
A1_balanced_q01_q99,-0.9993693303169741,0.6130312665639883,0.6201932707879209,p_star,0.05,0.5595650518048321,0.6934831386582146,354149800.32492036,666215865.2086433,369703370.10650873
balanced_q01_q99,-1.0026648511991334,0.6173678834316549,0.6172714776827666,p0,1.0,0.5605533232747184,0.5605533232747184,0.0,0.0,0.0
balanced_q01_q99,-1.0026648511991334,0.6173678834316549,0.6172714776827666,p0,0.8,0.5605533232747184,0.5927534856855248,61561458.35522932,123586504.15906775,95192726.02194738
balanced_q01_q99,-1.0026648511991334,0.6173678834316549,0.6172714776827666,p0,0.5,0.5605533232747184,0.6293862693326624,147700628.63339782,290912171.0806283,198251202.41580915
balanced_q01_q99,-1.0026648511991334,0.6173678834316549,0.6172714776827666,p0,0.2,0.5605533232747184,0.6757029422953155,287551227.8699586,548630085.33236,321383576.3796663
balanced_q01_q99,-1.0026648511991334,0.6173678834316549,0.6172714776827666,p0,0.1,0.5605533232747184,0.7025833023811298,388430807.5063153,724648664.9254266,389515601.646543
balanced_q01_q99,-1.0026648511991334,0.6173678834316549,0.6172714776827666,p0,0.05,0.5605533232747184,0.7261646739340883,491368538.7174038,896635120.2680808,447432528.7665014
balanced_q01_q99,-1.0026648511991334,0.6173678834316549,0.6172714776827666,p_star,1.0,0.5589631154041915,0.5589631154041915,0.0,0.0,0.0
balanced_q01_q99,-1.0026648511991334,0.6173678834316549,0.6172714776827666,p_star,0.8,0.5589631154041915,0.5850753783121293,48527583.96757156,97798596.83959395,77722622.31739378
balanced_q01_q99,-1.0026648511991334,0.6173678834316549,0.6172714776827666,p_star,0.5,0.5589631154041915,0.6147264745411001,113685406.92588711,225906083.70693332,162464708.0630722
balanced_q01_q99,-1.0026648511991334,0.6173678834316549,0.6172714776827666,p_star,0.2,0.5589631154041915,0.6520661781055994,214080662.06383252,415840926.9094098,264313520.99363756
balanced_q01_q99,-1.0026648511991334,0.6173678834316549,0.6172714776827666,p_star,0.1,0.5589631154041915,0.6735957361091427,283052411.60808456,541267048.686523,320763739.98305416
balanced_q01_q99,-1.0026648511991334,0.6173678834316549,0.6172714776827666,p_star,0.05,0.5589631154041915,0.6922503006318171,350458826.56650484,660120382.7619357,368419631.31160784
balanced_q05_q95,-0.730845465994627,0.4445880200768566,0.8507499674372774,p0,1.0,0.5413282465971162,0.5413282465971162,0.0,0.0,0.0
balanced_q05_q95,-0.730845465994627,0.4445880200768566,0.8507499674372774,p0,0.8,0.5413282465971162,0.5857078884773901,78526105.35602698,159078031.1474048,133820614.93727016
balanced_q05_q95,-0.730845465994627,0.4445880200768566,0.8507499674372774,p0,0.5,0.5413282465971162,0.6361967586450733,197377854.74844065,389746621.0760889,275912014.1841812
balanced_q05_q95,-0.730845465994627,0.4445880200768566,0.8507499674372774,p0,0.2,0.5413282465971162,0.7000323795013973,409612626.8398075,771370859.4619925,442221580.4017978
balanced_q05_q95,-0.730845465994627,0.4445880200768566,0.8507499674372774,p0,0.1,0.5413282465971162,0.7370800421498596,575646157.2585955,1046452480.2305961,532756569.402401
balanced_q05_q95,-0.730845465994627,0.4445880200768566,0.8507499674372774,p0,0.05,0.5413282465971162,0.769580897618053,755011091.6846855,1324477212.4114788,608939915.3609009
balanced_q05_q95,-0.730845465994627,0.4445880200768566,0.8507499674372774,p_star,1.0,0.5391365540550471,0.5391365540550471,0.0,0.0,0.0
balanced_q05_q95,-0.730845465994627,0.4445880200768566,0.8507499674372774,p_star,0.8,0.5391365540550471,0.575125592301293,61223566.14942896,124602053.0992837,109561210.1398282
balanced_q05_q95,-0.730845465994627,0.4445880200768566,0.8507499674372774,p_star,0.5,0.5391365540550471,0.6159920020793268,148821232.38540125,297456808.9662086,227101730.9086027
balanced_q05_q95,-0.730845465994627,0.4445880200768566,0.8507499674372774,p_star,0.2,0.5391365540550471,0.6674551795306286,294552882.17228097,569895204.4044429,365923897.1734805
balanced_q05_q95,-0.730845465994627,0.4445880200768566,0.8507499674372774,p_star,0.1,0.5391365540550471,0.6971281377551242,401453088.34140724,758479851.3711971,441794619.6082592
balanced_q05_q95,-0.730845465994627,0.4445880200768566,0.8507499674372774,p_star,0.05,0.5391365540550471,0.7228386569253911,510784225.3645478,942568825.72848,505284015.3530469
