population,n,min,mean,max,word_weighted_mean,q01,q05,q10,q25,q50,q75,q90,q95,q99
A1,51230,-1.8318472769459957,-0.10487127319755812,1.1456872415777428,-0.058446048172587285,-1.0652982976922105,-0.7474479444893352,-0.5828101164631371,-0.3335259177331912,-0.0865170111314902,0.15415455295104297,0.35076251328253605,0.4564556415439968,0.6336057785750588
all_unique,261086,-2.039386451633634,-0.2911335458679515,1.1456872415777428,-0.013781862570935102,-1.1426815413888232,-0.8912824083770419,-0.7497403378050349,-0.5221271039886626,-0.2986943333536234,-0.06352627969665317,0.19274790963655214,0.333594898893793,0.5510879995490421
domain_arxiv,17523,-1.5148840144848543,0.2595841614693544,1.002393999451431,0.1953576623761561,-0.37292972523353185,-0.11048236767106408,-0.009802895740623433,0.1328514383659894,0.2691373681193081,0.40385912570256866,0.5241594005215772,0.6011862322763308,0.7405207898953773
domain_book,171,-1.0363397763799511,-0.3349496139606442,0.3905899241323884,-0.427879073746628,-0.8141393647496523,-0.7029747106502278,-0.6512983739899729,-0.4795158323343584,-0.330453613429436,-0.16982062587412036,-0.074015371189029,-0.03047464757604285,0.2058704971662907
domain_c4,10000,-1.7041127906498268,-0.014007728858179757,0.9367332685905172,0.12888712602147784,-1.0573726779107246,-0.6911704834541926,-0.4967067158011556,-0.22365481599685277,0.024531798428934902,0.24467315622583025,0.41348223114046484,0.5100297184489485,0.6734488264697468
domain_commoncrawl,9640,-1.8318472769459957,0.10144170327071862,1.1456872415777428,0.1347177735922681,-0.8500942359540711,-0.46030120511481865,-0.3038084870020535,-0.08378591777777,0.12895820102802574,0.32556655122455425,0.4806410166975853,0.5718711180191407,0.7173734011881334
domain_github,203752,-2.039386451633634,-0.3858460528786779,0.9823064165895854,-0.33113260992630567,-1.1636991626877233,-0.926725658099088,-0.7912010502257347,-0.5740718265740703,-0.3676691540512421,-0.1834457132146463,-0.014225871239421508,0.09250542077734544,0.3009657914596568
domain_stackexchange,10000,-1.8063867183934796,-0.07368738437573669,0.7314726435580532,-0.049805763524141296,-0.7718366125187707,-0.522755904666246,-0.40868964743700414,-0.23461131564249024,-0.058888157034876154,0.1055996533232973,0.2475343711181711,0.32677906073380036,0.4765446333094475
domain_wikipedia,10000,-1.824893641997109,-0.19863517549743812,1.0174938118734786,0.07274093068093435,-1.1752773160934231,-0.8133975142241707,-0.648635187154183,-0.4131911988503243,-0.1860749188355644,0.04774805260812208,0.24015932264722673,0.35361203497521554,0.5577823238992865
