domain,requested_keep,n_total,n_keep,actual_doc_keep,word_keep,threshold,baseline_mean,selected_mean,gain,selected_word_mean
arxiv,1.0,17523,17523,1.0,1.0,-1.5763591307472575,0.2225736504137245,0.2225736504137245,0.0,0.15460021520175413
arxiv,0.8,17523,14019,0.8000342407122069,0.7033030860840915,0.0624597113983713,0.2225736504137245,0.3003419555701009,0.0777683051563764,0.2630230339655061
arxiv,0.5,17523,8762,0.500028533926839,0.37097372031226206,0.22941800783006,0.2225736504137245,0.38849751894175494,0.16592386852803043,0.3640431010084529
arxiv,0.2,17523,3505,0.2000228271414712,0.11622776400124624,0.3953997160703071,0.2225736504137245,0.5091098832023706,0.2865362327886461,0.49668146515062134
arxiv,0.1,17523,1753,0.10003994749757461,0.05101726363124869,0.4846742486481041,0.2225736504137245,0.5820117116085802,0.3594380611948557,0.5755088697904619
arxiv,0.05,17523,877,0.05004850767562632,0.023298082568451006,0.5623030485274866,0.2225736504137245,0.6459238659758932,0.42335021556216873,0.6442107292857893
book,1.0,171,171,1.0,1.0,-1.1196605830061346,-0.4208437198419146,-0.42084371984191465,0.0,-0.5199190256766093
book,0.8,171,137,0.8011695906432749,0.6337972341790611,-0.6140187842893505,-0.4208437198419146,-0.33910607221779593,0.08173764762411867,-0.3868322469882186
book,0.5,171,86,0.5029239766081871,0.3331668633684923,-0.4071866636953873,-0.4208437198419146,-0.23311828561535233,0.18772543422656227,-0.2590672161340963
book,0.2,171,35,0.2046783625730994,0.10790057836324705,-0.2184839329550381,-0.4208437198419146,-0.12307463117881383,0.29776908866310076,-0.15510004896859467
book,0.1,171,18,0.10526315789473684,0.04541804018383892,-0.1535299821768294,-0.4208437198419146,-0.055936614976906926,0.36490710486500766,-0.1005522983433995
book,0.05,171,9,0.05263157894736842,0.022633148344528127,-0.1066811815597486,-0.4208437198419146,0.028784857698778407,0.449628577540693,-0.057448852798321785
c4,1.0,10000,10000,1.0,1.0,-1.688451012245448,-0.02098316588946183,-0.020983165889461815,0.0,0.10448392728289572
c4,0.8,10000,8000,0.8,0.9038591755889069,-0.2922964470851079,-0.02098316588946183,0.11345016727967984,0.13443333316914166,0.17222470893616335
c4,0.5,10000,5000,0.5,0.6571788482005495,0.0175049499050938,-0.02098316588946183,0.25766085969329444,0.27864402558275625,0.2804309348611792
c4,0.2,10000,2000,0.2,0.3018757221706218,0.2791137700640431,-0.02098316588946183,0.4261989956457618,0.4471821615352236,0.4327246516792079
c4,0.1,10000,1000,0.1,0.16368792589340728,0.3975480341017772,-0.02098316588946183,0.5172644322751008,0.5382475981645626,0.5146240115137192
c4,0.05,10000,500,0.05,0.08447849348206411,0.4925275346363736,-0.02098316588946183,0.5931538692427045,0.6141370351321663,0.5855085044376689
commoncrawl,1.0,9640,9640,1.0,1.0,-1.8403396705552213,0.07280859552019457,0.07280859552019454,0.0,0.09419900931319158
commoncrawl,0.8,9640,7712,0.8,0.8143634655365947,-0.1658415676862141,0.07280859552019457,0.1909182661384046,0.11810967061821002,0.20807534014892848
commoncrawl,0.5,9640,4820,0.5,0.5298886697915265,0.100517450186724,0.07280859552019457,0.3196229286554781,0.2468143331352835,0.3324309169592052
commoncrawl,0.2,9640,1928,0.2,0.22884758707595623,0.3408313926917665,0.07280859552019457,0.4752867171448925,0.4024781216246979,0.48580968234420924
commoncrawl,0.1,9640,964,0.1,0.1204765432969928,0.4485502273564969,0.07280859552019457,0.559695974181723,0.4868873786615284,0.5719543558416583
commoncrawl,0.05,9640,482,0.05,0.06554217014412947,0.5365476573550731,0.07280859552019457,0.6283630568659524,0.5555544613457578,0.6379280775101343
github,1.0,203752,203752,1.0,1.0,-2.000535991628798,-0.3444984288722766,-0.3444984288722766,0.0,-0.3127649266531828
github,0.8,203752,163002,0.8000019631709137,0.8102920344426461,-0.5835404909885733,-0.3444984288722766,-0.23628472196982062,0.10821370690245599,-0.200683280730324
github,0.5,203752,101876,0.5,0.5344361627138282,-0.326069590739934,-0.3444984288722766,-0.11249816836214083,0.23200026051013578,-0.07619948969683238
github,0.2,203752,40751,0.20000294475637048,0.25677298055079195,-0.102886108871347,-0.3444984288722766,0.04750048670004133,0.3919989155723179,0.07712932124769896
github,0.1,203752,20376,0.10000392634182732,0.14818201663323588,0.0139340213341159,-0.3444984288722766,0.14405272373057784,0.4885511526028544,0.1685088018225012
github,0.05,203752,10188,0.05000196317091366,0.08340388382235166,0.1131296007257207,-0.3444984288722766,0.2289858479074983,0.5734842767797749,0.2522088342235317
stackexchange,1.0,10000,10000,1.0,1.0,-1.7744629421413105,-0.07260158627902255,-0.07260158627902255,0.0,-0.057405256155265025
stackexchange,0.8,10000,8000,0.8,0.8031042374452323,-0.2750889527358331,-0.07260158627902255,0.021978050109437725,0.09457963638846027,0.046820858863724696
stackexchange,0.5,10000,5000,0.5,0.5403881769404949,-0.0570195460653578,-0.07260158627902255,0.13043902732596369,0.20304061360498624,0.1467625367800575
stackexchange,0.2,10000,2000,0.2,0.23994275923362515,0.1427785209205611,-0.07260158627902255,0.2664787384628588,0.3390803247418813,0.28021215575317304
stackexchange,0.1,10000,1000,0.1,0.13184086928350292,0.2446257918504337,-0.07260158627902255,0.3452724904910431,0.4178740767700656,0.35633801074112786
stackexchange,0.05,10000,500,0.05,0.07225434026725062,0.3224389649871659,-0.07260158627902255,0.4101531666228311,0.48275475290185366,0.419378574033012
wikipedia,1.0,10000,10000,1.0,1.0,-1.814631413882379,-0.2057795034410034,-0.20577950344100346,0.0,0.04214553495398308
wikipedia,0.8,10000,8000,0.8,0.9411604296948957,-0.4765590360196541,-0.2057795034410034,-0.07867379248864234,0.12710571095236106,0.08848107248759207
wikipedia,0.5,10000,5000,0.5,0.7860093344860981,-0.1900288900508961,-0.2057795034410034,0.06474644334122243,0.27052594678222586,0.16655165848836911
wikipedia,0.2,10000,2000,0.2,0.4800816942837635,0.0858188300085895,-0.2057795034410034,0.25045108388589227,0.4562305873268957,0.2991501559523528
wikipedia,0.1,10000,1000,0.1,0.3054095193474638,0.2173766970646005,-0.2057795034410034,0.3536100652630505,0.5593895687040539,0.3829706238520583
wikipedia,0.05,10000,500,0.05,0.1828062827932194,0.3241923132542885,-0.2057795034410034,0.4432176750268835,0.6489971784678868,0.46142411485666057
