C,L_ctx,cost,lambda_value,lambda_over_on,t,state
1e+19,2048,exponential,0.0992354191131038,0.85,0.0,R0
1e+19,2048,exponential,0.09990747769692197,0.8557565111464321,0.0,R0
1e+19,2048,exponential,0.10057953628074015,0.8615130222928644,0.0,R0
1e+19,2048,exponential,0.10125159486455833,0.8672695334392966,0.0,R0
1e+19,2048,exponential,0.1019236534483765,0.8730260445857287,0.0,R0
1e+19,2048,exponential,0.1025957120321947,0.878782555732161,0.0,R0
1e+19,2048,exponential,0.10326777061601287,0.8845390668785932,0.0,R0
1e+19,2048,exponential,0.10393982919983105,0.8902955780250253,0.0,R0
1e+19,2048,exponential,0.10461188778364924,0.8960520891714576,0.0,R0
1e+19,2048,exponential,0.10528394636746741,0.9018086003178898,0.0,R0
1e+19,2048,exponential,0.10595600495128558,0.907565111464322,0.0,R0
1e+19,2048,exponential,0.10662806353510378,0.9133216226107542,0.0,R0
1e+19,2048,exponential,0.10730012211892195,0.9190781337571864,0.0,R0
1e+19,2048,exponential,0.10797218070274014,0.9248346449036187,0.0,R0
1e+19,2048,exponential,0.10864423928655832,0.9305911560500508,0.0,R0
1e+19,2048,exponential,0.10931629787037649,0.936347667196483,0.0,R0
1e+19,2048,exponential,0.10998835645419468,0.9421041783429153,0.0,R0
1e+19,2048,exponential,0.11066041503801285,0.9478606894893474,0.0,R0
1e+19,2048,exponential,0.11133247362183103,0.9536172006357796,0.0,R0
1e+19,2048,exponential,0.11200453220564922,0.9593737117822119,0.0,R0
1e+19,2048,exponential,0.1126765907894674,0.965130222928644,0.0,R0
1e+19,2048,exponential,0.11334864937328558,0.9708867340750762,0.0,R0
1e+19,2048,exponential,0.11402070795710376,0.9766432452215085,0.0,R0
1e+19,2048,exponential,0.11469276654092193,0.9823997563679406,0.0,R0
1e+19,2048,exponential,0.11536482512474013,0.9881562675143729,0.0,R0
1e+19,2048,exponential,0.1160368837085583,0.9939127786608051,0.0,R0
1e+19,2048,exponential,0.11670894229237648,0.9996692898072372,0.0,R0
1e+19,2048,exponential,0.11738100087619466,1.0054258009536694,0.020062775259774693,R1
1e+19,2048,exponential,0.11805305946001284,1.0111823121001016,0.041264541158331794,R1
1e+19,2048,exponential,0.11872511804383103,1.016938823246534,0.06238098717913683,R1
1e+19,2048,exponential,0.1193971766276492,1.0226953343929661,0.08341315453500216,R1
1e+19,2048,exponential,0.12006923521146738,1.0284518455393983,0.10436159265915126,R1
1e+19,2048,exponential,0.12074129379528556,1.0342083566858304,0.12522784299176243,R1
1e+19,2048,exponential,0.12141335237910374,1.0399648678322626,0.1460124068771335,R1
1e+19,2048,exponential,0.12208541096292194,1.045721378978695,0.16671622540141817,R1
1e+19,2048,exponential,0.1227574695467401,1.0514778901251272,0.18734006981326276,R1
1e+19,2048,exponential,0.12342952813055828,1.0572344012715593,0.2078850797580622,R1
1e+19,2048,exponential,0.12410158671437646,1.0629909124179915,0.22835188478572563,R1
1e+19,2048,exponential,0.12477364529819464,1.0687474235644236,0.24874156944209436,R1
1e+19,2048,exponential,0.12544570388201282,1.0745039347108558,0.2690546642556507,R1
1e+19,2048,exponential,0.12611776246583098,1.080260445857288,0.28929195623587445,R1
1e+19,2048,exponential,0.1267898210496492,1.0860169570037204,0.309454682038944,R1
1e+19,2048,exponential,0.12746187963346736,1.0917734681501525,0.3295432346020281,R1
1e+19,2048,exponential,0.12813393821728555,1.0975299792965847,0.34955830001786703,R1
1e+19,2048,exponential,0.12880599680110372,1.1032864904430169,0.36950103635092624,R1
1e+19,2048,exponential,0.1294780553849219,1.1090430015894492,0.3893721460268194,R1
1e+19,2048,exponential,0.1301501139687401,1.1147995127358814,0.40917198842294394,R1
1e+19,2048,exponential,0.13082217255255826,1.1205560238823136,0.42890167333708695,R1
1e+19,2048,exponential,0.13149423113637645,1.1263125350287457,0.44856162716575254,R1
1e+19,2048,exponential,0.13216628972019462,1.132069046175178,0.468152715404051,R1
1e+19,2048,exponential,0.1328383483040128,1.13782555732161,0.48767584964752,R1
1e+19,2048,exponential,0.13351040688783097,1.1435820684680422,0.507131341601962,R1
1e+19,2048,exponential,0.13418246547164916,1.1493385796144746,0.5265199098190876,R1
1e+19,2048,exponential,0.13485452405546736,1.1550950907609068,0.5458425242174859,R1
1e+19,2048,exponential,0.13552658263928552,1.160851601907339,0.5650995351797593,R1
1e+19,2048,exponential,0.1361986412231037,1.166608113053771,0.5842918208499442,R1
1e+19,2048,exponential,0.13687069980692187,1.1723646242002033,0.6034195116076283,R1
1e+19,2048,exponential,0.1375427583907401,1.1781211353466357,0.6224842825803075,R1
1e+19,2048,exponential,0.13821481697455826,1.1838776464930678,0.641485783215606,R1
1e+19,2048,exponential,0.13888687555837642,1.1896341576395,0.6604249501351656,R1
1e+19,2048,exponential,0.1395589341421946,1.1953906687859321,0.6793022269201697,R1
1e+19,2048,exponential,0.14023099272601278,1.2011471799323643,0.6981186204738464,R1
1e+19,2048,exponential,0.14090305130983097,1.2069036910787965,0.7168744280931679,R1
1e+19,2048,exponential,0.14157510989364913,1.2126602022252286,0.7355702370457453,R1
1e+19,2048,exponential,0.14224716847746735,1.218416713371661,0.7542066307683025,R1
1e+19,2048,exponential,0.14291922706128551,1.2241732245180932,0.7727839932268872,R1
1e+19,2048,exponential,0.14359128564510368,1.2299297356645253,0.7913033057361505,R1
1e+19,2048,exponential,0.14426334422892187,1.2356862468109575,0.8097649756588339,R1
1e+19,2048,exponential,0.14493540281274006,1.24144275795739,0.8281694053088068,R1
1e+19,2048,exponential,0.14560746139655825,1.247199269103822,0.8465170725955501,R1
1e+19,2048,exponential,0.14627951998037642,1.2529557802502542,0.8648085333438557,R1
1e+19,2048,exponential,0.1469515785641946,1.2587122913966864,0.8830446988772304,R1
1e+19,2048,exponential,0.14762363714801277,1.2644688025431186,0.9012255226487367,R1
1e+19,2048,exponential,0.14829569573183093,1.2702253136895507,0.9193518082497212,R1
1e+19,2048,exponential,0.14896775431564913,1.2759818248359829,0.9374241091838188,R1
1e+19,2048,exponential,0.14963981289946732,1.2817383359824153,0.9554425696099659,R1
1e+19,2048,exponential,0.1503118714832855,1.2874948471288474,0.9734082423523496,R1
1e+19,2048,exponential,0.15098393006710367,1.2932513582752796,0.9913209782517923,R1
1e+19,2048,exponential,0.15165598865092186,1.2990078694217118,1.0,R2
1e+19,2048,exponential,0.15232804723474005,1.3047643805681441,1.0,R2
1e+19,2048,exponential,0.15300010581855822,1.3105208917145763,1.0,R2
1e+19,2048,exponential,0.1536721644023764,1.3162774028610085,1.0,R2
1e+19,2048,exponential,0.15434422298619457,1.3220339140074406,1.0,R2
1e+19,2048,exponential,0.15501628157001276,1.3277904251538728,1.0,R2
1e+19,2048,exponential,0.15568834015383093,1.333546936300305,1.0,R2
1e+19,2048,exponential,0.15636039873764912,1.3393034474467371,1.0,R2
1e+19,2048,exponential,0.15703245732146728,1.3450599585931693,1.0,R2
1e+19,2048,exponential,0.15770451590528548,1.3508164697396017,1.0,R2
1e+19,2048,exponential,0.15837657448910367,1.3565729808860338,1.0,R2
1e+19,2048,exponential,0.15904863307292183,1.362329492032466,1.0,R2
1e+19,2048,exponential,0.15972069165674005,1.3680860031788984,1.0,R2
1e+19,2048,exponential,0.1603927502405582,1.3738425143253306,1.0,R2
1e+19,2048,exponential,0.16106480882437638,1.3795990254717627,1.0,R2
1e+19,2048,exponential,0.16173686740819457,1.3853555366181949,1.0,R2
1e+19,2048,exponential,0.16240892599201273,1.391112047764627,1.0,R2
1e+19,2048,exponential,0.16308098457583092,1.3968685589110592,1.0,R2
1e+19,2048,exponential,0.1637530431596491,1.4026250700574914,1.0,R2
1e+19,2048,exponential,0.16442510174346728,1.4083815812039235,1.0,R2
1e+19,2048,exponential,0.16509716032728544,1.4141380923503557,1.0,R2
1e+19,2048,exponential,0.16576921891110363,1.419894603496788,1.0,R2
1e+19,2048,exponential,0.16644127749492182,1.4256511146432203,1.0,R2
1e+19,2048,power,0.2016288313468149,0.85,0.0,R0
1e+19,2048,power,0.20245906771118413,0.8534999999999999,0.0,R0
1e+19,2048,power,0.20328930407555337,0.857,0.0,R0
1e+19,2048,power,0.2041195404399226,0.8604999999999999,0.0,R0
1e+19,2048,power,0.20494977680429186,0.864,0.0,R0
1e+19,2048,power,0.20578001316866107,0.8674999999999999,0.0,R0
1e+19,2048,power,0.20661024953303034,0.871,0.0,R0
1e+19,2048,power,0.20744048589739955,0.8744999999999999,0.0,R0
1e+19,2048,power,0.2082707222617688,0.878,0.0,R0
1e+19,2048,power,0.20910095862613803,0.8815,0.0,R0
1e+19,2048,power,0.20993119499050727,0.885,0.0,R0
1e+19,2048,power,0.21076143135487652,0.8885,0.0,R0
1e+19,2048,power,0.21159166771924576,0.892,0.0,R0
1e+19,2048,power,0.21242190408361497,0.8955,0.0,R0
1e+19,2048,power,0.21325214044798424,0.899,0.0,R0
1e+19,2048,power,0.21408237681235345,0.9025,0.0,R0
1e+19,2048,power,0.2149126131767227,0.9059999999999999,0.0,R0
1e+19,2048,power,0.21574284954109194,0.9095,0.0,R0
1e+19,2048,power,0.21657308590546118,0.913,0.0,R0
1e+19,2048,power,0.21740332226983042,0.9165,0.0,R0
1e+19,2048,power,0.21823355863419963,0.9199999999999999,0.0,R0
1e+19,2048,power,0.2190637949985689,0.9235,0.0,R0
1e+19,2048,power,0.2198940313629381,0.9269999999999999,0.0,R0
1e+19,2048,power,0.22072426772730738,0.9305,0.0,R0
1e+19,2048,power,0.2215545040916766,0.9339999999999999,0.0,R0
1e+19,2048,power,0.22238474045604584,0.9375,0.0,R0
1e+19,2048,power,0.22321497682041508,0.941,0.0,R0
1e+19,2048,power,0.22404521318478432,0.9445,0.0,R0
1e+19,2048,power,0.22487544954915356,0.948,0.0,R0
1e+19,2048,power,0.2257056859135228,0.9515,0.0,R0
1e+19,2048,power,0.22653592227789202,0.955,0.0,R0
1e+19,2048,power,0.22736615864226126,0.9584999999999999,0.0,R0
1e+19,2048,power,0.2281963950066305,0.962,0.0,R0
1e+19,2048,power,0.22902663137099977,0.9655,0.0,R0
1e+19,2048,power,0.22985686773536898,0.969,0.0,R0
1e+19,2048,power,0.2306871040997382,0.9724999999999999,0.0,R0
1e+19,2048,power,0.23151734046410746,0.976,0.0,R0
1e+19,2048,power,0.23234757682847668,0.9794999999999999,0.0,R0
1e+19,2048,power,0.23317781319284595,0.983,0.0,R0
1e+19,2048,power,0.23400804955721516,0.9864999999999999,0.0,R0
1e+19,2048,power,0.2348382859215844,0.99,0.0,R0
1e+19,2048,power,0.23566852228595364,0.9934999999999999,0.0,R0
1e+19,2048,power,0.23649875865032288,0.997,0.0,R0
1e+19,2048,power,0.23732899501469212,1.0005,0.006658526097814947,R1
1e+19,2048,power,0.23815923137906136,1.004,0.05307594936530899,R1
1e+19,2048,power,0.23898946774343058,1.0074999999999998,0.09919225483891954,R1
1e+19,2048,power,0.23981970410779982,1.011,0.14505537054629516,R1
1e+19,2048,power,0.24064994047216906,1.0145,0.19070711495441506,R1
1e+19,2048,power,0.24148017683653833,1.018,0.23618539802859106,R1
1e+19,2048,power,0.24231041320090757,1.0215,0.2815246823646142,R1
1e+19,2048,power,0.24314064956527678,1.025,0.32675573952012804,R1
1e+19,2048,power,0.24397088592964603,1.0285,0.3719070710714273,R1
1e+19,2048,power,0.24480112229401527,1.032,0.417005077291189,R1
1e+19,2048,power,0.24563135865838448,1.0354999999999999,0.4620738871921449,R1
1e+19,2048,power,0.24646159502275372,1.039,0.5071362495137338,R1
1e+19,2048,power,0.247291831387123,1.0425,0.552213400647563,R1
1e+19,2048,power,0.24812206775149223,1.046,0.5973255596800979,R1
1e+19,2048,power,0.24895230411586142,1.0494999999999999,0.6424916282286826,R1
1e+19,2048,power,0.24978254048023069,1.053,0.6877298052282983,R1
1e+19,2048,power,0.2506127768445999,1.0565,0.7330572630704933,R1
1e+19,2048,power,0.25144301320896917,1.06,0.7784912216269032,R1
1e+19,2048,power,0.25227324957333835,1.0635,0.8240476432818303,R1
1e+19,2048,power,0.25310348593770765,1.067,0.8697421421826733,R1
1e+19,2048,power,0.2539337223020769,1.0705,0.9155901103258683,R1
1e+19,2048,power,0.2547639586664461,1.0739999999999998,0.9616065247271706,R1
1e+19,2048,power,0.2555941950308153,1.0775,1.0,R2
1e+19,2048,power,0.25642443139518456,1.081,1.0,R2
1e+19,2048,power,0.25725466775955386,1.0845,1.0,R2
1e+19,2048,power,0.2580849041239231,1.088,1.0,R2
1e+19,2048,power,0.2589151404882923,1.0915,1.0,R2
1e+19,2048,power,0.2597453768526615,1.095,1.0,R2
1e+19,2048,power,0.26057561321703077,1.0985,1.0,R2
1e+19,2048,power,0.2614058495814,1.1019999999999999,1.0,R2
1e+19,2048,power,0.26223608594576925,1.1055,1.0,R2
1e+19,2048,power,0.2630663223101385,1.109,1.0,R2
1e+19,2048,power,0.2638965586745077,1.1124999999999998,1.0,R2
1e+19,2048,power,0.26472679503887697,1.1159999999999999,1.0,R2
1e+19,2048,power,0.2655570314032462,1.1195,1.0,R2
1e+19,2048,power,0.26638726776761545,1.123,1.0,R2
1e+19,2048,power,0.2672175041319847,1.1265,1.0,R2
1e+19,2048,power,0.2680477404963539,1.13,1.0,R2
1e+19,2048,power,0.2688779768607232,1.1335,1.0,R2
1e+19,2048,power,0.2697082132250924,1.137,1.0,R2
1e+19,2048,power,0.2705384495894616,1.1404999999999998,1.0,R2
1e+19,2048,power,0.27136868595383085,1.144,1.0,R2
1e+19,2048,power,0.2721989223182001,1.1475,1.0,R2
1e+19,2048,power,0.2730291586825694,1.151,1.0,R2
1e+19,2048,power,0.2738593950469386,1.1545,1.0,R2
1e+19,2048,power,0.2746896314113078,1.158,1.0,R2
1e+19,2048,power,0.27551986777567705,1.1615,1.0,R2
1e+19,2048,power,0.2763501041400463,1.165,1.0,R2
1e+19,2048,power,0.27718034050441553,1.1684999999999999,1.0,R2
1e+19,2048,power,0.2780105768687848,1.172,1.0,R2
1e+19,2048,power,0.278840813233154,1.1755,1.0,R2
1e+19,2048,power,0.2796710495975232,1.1789999999999998,1.0,R2
1e+19,2048,power,0.28050128596189244,1.1824999999999999,1.0,R2
1e+19,2048,power,0.28133152232626174,1.186,1.0,R2
1e+19,2048,power,0.282161758690631,1.1895,1.0,R2
1e+19,2048,power,0.2829919950550002,1.193,1.0,R2
1e+19,2048,power,0.2838222314193694,1.1965,1.0,R2
1e+19,2048,power,0.28465246778373865,1.2,1.0,R2
1e+19,2048,logarithmic,0.1479308155073607,0.85,0.0,R0
1e+19,2048,logarithmic,0.14853994239474394,0.8534999999999999,0.0,R0
1e+19,2048,logarithmic,0.1491490692821272,0.857,0.0,R0
1e+19,2048,logarithmic,0.14975819616951044,0.8604999999999999,0.0,R0
1e+19,2048,logarithmic,0.1503673230568937,0.864,0.0,R0
1e+19,2048,logarithmic,0.15097644994427695,0.8674999999999999,0.0,R0
1e+19,2048,logarithmic,0.1515855768316602,0.871,0.0,R0
1e+19,2048,logarithmic,0.15219470371904345,0.8744999999999999,0.0,R0
1e+19,2048,logarithmic,0.15280383060642672,0.878,0.0,R0
1e+19,2048,logarithmic,0.15341295749380995,0.8815,0.0,R0
1e+19,2048,logarithmic,0.15402208438119322,0.885,0.0,R0
1e+19,2048,logarithmic,0.15463121126857646,0.8885,0.0,R0
1e+19,2048,logarithmic,0.15524033815595972,0.892,0.0,R0
1e+19,2048,logarithmic,0.15584946504334296,0.8955,0.0,R0
1e+19,2048,logarithmic,0.15645859193072623,0.899,0.0,R0
1e+19,2048,logarithmic,0.15706771881810946,0.9025,0.0,R0
1e+19,2048,logarithmic,0.1576768457054927,0.9059999999999999,0.0,R0
1e+19,2048,logarithmic,0.15828597259287597,0.9095,0.0,R0
1e+19,2048,logarithmic,0.1588950994802592,0.913,0.0,R0
1e+19,2048,logarithmic,0.15950422636764244,0.9165,0.0,R0
1e+19,2048,logarithmic,0.1601133532550257,0.9199999999999999,0.0,R0
1e+19,2048,logarithmic,0.16072248014240895,0.9235,0.0,R0
1e+19,2048,logarithmic,0.16133160702979218,0.9269999999999999,0.0,R0
1e+19,2048,logarithmic,0.16194073391717545,0.9305,0.0,R0
1e+19,2048,logarithmic,0.1625498608045587,0.9339999999999999,0.0,R0
1e+19,2048,logarithmic,0.16315898769194195,0.9375,0.0,R0
1e+19,2048,logarithmic,0.1637681145793252,0.941,0.0,R0
1e+19,2048,logarithmic,0.16437724146670846,0.9445,0.0,R0
1e+19,2048,logarithmic,0.1649863683540917,0.948,0.0,R0
1e+19,2048,logarithmic,0.16559549524147496,0.9515,0.0,R0
1e+19,2048,logarithmic,0.1662046221288582,0.955,0.0,R0
1e+19,2048,logarithmic,0.16681374901624144,0.9584999999999999,0.0,R0
1e+19,2048,logarithmic,0.1674228759036247,0.962,0.0,R0
1e+19,2048,logarithmic,0.16803200279100797,0.9655,0.0,R0
1e+19,2048,logarithmic,0.1686411296783912,0.969,0.0,R0
1e+19,2048,logarithmic,0.16925025656577444,0.9724999999999999,0.0,R0
1e+19,2048,logarithmic,0.1698593834531577,0.976,0.0,R0
1e+19,2048,logarithmic,0.17046851034054095,0.9794999999999999,0.0,R0
1e+19,2048,logarithmic,0.1710776372279242,0.983,0.0,R0
1e+19,2048,logarithmic,0.17168676411530745,0.9864999999999999,0.0,R0
1e+19,2048,logarithmic,0.17229589100269072,0.99,0.0,R0
1e+19,2048,logarithmic,0.17290501789007395,0.9934999999999999,0.0,R0
1e+19,2048,logarithmic,0.17351414477745722,0.997,0.0,R0
1e+19,2048,logarithmic,0.17412327166484046,1.0005,1.0,R2
1e+19,2048,logarithmic,0.17473239855222372,1.004,1.0,R2
1e+19,2048,logarithmic,0.17534152543960693,1.0074999999999998,1.0,R2
1e+19,2048,logarithmic,0.1759506523269902,1.011,1.0,R2
1e+19,2048,logarithmic,0.17655977921437346,1.0145,1.0,R2
1e+19,2048,logarithmic,0.1771689061017567,1.018,1.0,R2
1e+19,2048,logarithmic,0.17777803298913997,1.0215,1.0,R2
1e+19,2048,logarithmic,0.1783871598765232,1.025,1.0,R2
1e+19,2048,logarithmic,0.17899628676390644,1.0285,1.0,R2
1e+19,2048,logarithmic,0.1796054136512897,1.032,1.0,R2
1e+19,2048,logarithmic,0.18021454053867295,1.0354999999999999,1.0,R2
1e+19,2048,logarithmic,0.18082366742605618,1.039,1.0,R2
1e+19,2048,logarithmic,0.18143279431343945,1.0425,1.0,R2
1e+19,2048,logarithmic,0.18204192120082271,1.046,1.0,R2
1e+19,2048,logarithmic,0.18265104808820593,1.0494999999999999,1.0,R2
1e+19,2048,logarithmic,0.1832601749755892,1.053,1.0,R2
1e+19,2048,logarithmic,0.18386930186297246,1.0565,1.0,R2
1e+19,2048,logarithmic,0.18447842875035572,1.06,1.0,R2
1e+19,2048,logarithmic,0.18508755563773893,1.0635,1.0,R2
1e+19,2048,logarithmic,0.1856966825251222,1.067,1.0,R2
1e+19,2048,logarithmic,0.18630580941250546,1.0705,1.0,R2
1e+19,2048,logarithmic,0.18691493629988867,1.0739999999999998,1.0,R2
1e+19,2048,logarithmic,0.18752406318727194,1.0775,1.0,R2
1e+19,2048,logarithmic,0.1881331900746552,1.081,1.0,R2
1e+19,2048,logarithmic,0.18874231696203847,1.0845,1.0,R2
1e+19,2048,logarithmic,0.1893514438494217,1.088,1.0,R2
1e+19,2048,logarithmic,0.18996057073680495,1.0915,1.0,R2
1e+19,2048,logarithmic,0.1905696976241882,1.095,1.0,R2
1e+19,2048,logarithmic,0.19117882451157148,1.0985,1.0,R2
1e+19,2048,logarithmic,0.1917879513989547,1.1019999999999999,1.0,R2
1e+19,2048,logarithmic,0.19239707828633795,1.1055,1.0,R2
1e+19,2048,logarithmic,0.19300620517372122,1.109,1.0,R2
1e+19,2048,logarithmic,0.19361533206110443,1.1124999999999998,1.0,R2
1e+19,2048,logarithmic,0.1942244589484877,1.1159999999999999,1.0,R2
1e+19,2048,logarithmic,0.19483358583587096,1.1195,1.0,R2
1e+19,2048,logarithmic,0.1954427127232542,1.123,1.0,R2
1e+19,2048,logarithmic,0.19605183961063746,1.1265,1.0,R2
1e+19,2048,logarithmic,0.1966609664980207,1.13,1.0,R2
1e+19,2048,logarithmic,0.19727009338540394,1.1335,1.0,R2
1e+19,2048,logarithmic,0.1978792202727872,1.137,1.0,R2
1e+19,2048,logarithmic,0.19848834716017044,1.1404999999999998,1.0,R2
1e+19,2048,logarithmic,0.19909747404755368,1.144,1.0,R2
1e+19,2048,logarithmic,0.19970660093493695,1.1475,1.0,R2
1e+19,2048,logarithmic,0.2003157278223202,1.151,1.0,R2
1e+19,2048,logarithmic,0.20092485470970348,1.1545,1.0,R2
1e+19,2048,logarithmic,0.2015339815970867,1.158,1.0,R2
1e+19,2048,logarithmic,0.20214310848446995,1.1615,1.0,R2
1e+19,2048,logarithmic,0.20275223537185322,1.165,1.0,R2
1e+19,2048,logarithmic,0.20336136225923643,1.1684999999999999,1.0,R2
1e+19,2048,logarithmic,0.2039704891466197,1.172,1.0,R2
1e+19,2048,logarithmic,0.20457961603400296,1.1755,1.0,R2
1e+19,2048,logarithmic,0.20518874292138617,1.1789999999999998,1.0,R2
1e+19,2048,logarithmic,0.20579786980876943,1.1824999999999999,1.0,R2
1e+19,2048,logarithmic,0.2064069966961527,1.186,1.0,R2
1e+19,2048,logarithmic,0.20701612358353597,1.1895,1.0,R2
1e+19,2048,logarithmic,0.20762525047091923,1.193,1.0,R2
1e+19,2048,logarithmic,0.20823437735830244,1.1965,1.0,R2
1e+19,2048,logarithmic,0.2088435042456857,1.2,1.0,R2
